DATASET,#TRAINING_RELEASES,%TRAINING_INSTANCES,CLASSIFIER,FEATURE_SELECTION,BALANCING,COST_SENSITIVE,PRECISION,RECALL,AREA_UNDER_ROC,KAPPA,TRUE_POSITIVES,FALSE_POSITIVES,TRUE_NEGATIVES,FALSE_NEGATIVES
OPENJPA,1,49.44297082228117,RandomForest,None,None,None,NaN,0.0,0.5,0.0,0.0,0.0,849.0,104.0
OPENJPA,1,49.44297082228117,NaiveBayes,None,None,None,NaN,0.0,0.3795868442511552,0.0,0.0,0.0,849.0,104.0
OPENJPA,1,49.44297082228117,IBk,None,None,None,NaN,0.0,0.48820444867264656,0.0,0.0,0.0,849.0,104.0
OPENJPA,1,49.44297082228117,RandomForest,BestFirst(Bi-directional),None,None,NaN,0.0,0.5,0.0,0.0,0.0,849.0,104.0
OPENJPA,1,49.44297082228117,NaiveBayes,BestFirst(Bi-directional),None,None,NaN,0.0,0.6489195433541723,0.0,0.0,0.0,849.0,104.0
OPENJPA,1,49.44297082228117,IBk,BestFirst(Bi-directional),None,None,NaN,0.0,0.7357015040318927,0.0,0.0,0.0,849.0,104.0
OPENJPA,1,49.44297082228117,RandomForest,None,OverSampling,None,NaN,0.0,0.5,0.0,0.0,0.0,849.0,104.0
OPENJPA,1,49.44297082228117,NaiveBayes,None,OverSampling,None,NaN,0.0,0.3789073117695026,0.0,0.0,0.0,849.0,104.0
OPENJPA,1,49.44297082228117,IBk,None,OverSampling,None,NaN,0.0,0.5265357434085349,0.0,0.0,0.0,849.0,104.0
OPENJPA,1,49.44297082228117,RandomForest,None,UnderSampling,None,NaN,0.0,0.5,0.0,0.0,0.0,849.0,104.0
OPENJPA,1,49.44297082228117,NaiveBayes,None,UnderSampling,None,NaN,0.0,0.3795868442511552,0.0,0.0,0.0,849.0,104.0
OPENJPA,1,49.44297082228117,IBk,None,UnderSampling,None,NaN,0.0,0.48820444867264656,0.0,0.0,0.0,849.0,104.0
OPENJPA,1,49.44297082228117,RandomForest,None,SMOTE,None,NaN,0.0,0.5,0.0,0.0,0.0,849.0,104.0
OPENJPA,1,49.44297082228117,NaiveBayes,None,SMOTE,None,NaN,0.0,0.3795868442511552,0.0,0.0,0.0,849.0,104.0
OPENJPA,1,49.44297082228117,IBk,None,SMOTE,None,NaN,0.0,0.48820444867264656,0.0,0.0,0.0,849.0,104.0
OPENJPA,1,49.44297082228117,RandomForest,None,None,SensitiveLearning,NaN,0.0,0.5,0.0,0.0,0.0,849.0,104.0
OPENJPA,1,49.44297082228117,NaiveBayes,None,None,SensitiveLearning,NaN,0.0,0.3795868442511552,0.0,0.0,0.0,849.0,104.0
OPENJPA,1,49.44297082228117,IBk,None,None,SensitiveLearning,NaN,0.0,0.48820444867264656,0.0,0.0,0.0,849.0,104.0
OPENJPA,1,49.44297082228117,RandomForest,BestFirst(Bi-directional),OverSampling,None,NaN,0.0,0.5,0.0,0.0,0.0,849.0,104.0
OPENJPA,1,49.44297082228117,NaiveBayes,BestFirst(Bi-directional),OverSampling,None,NaN,0.0,0.654882440880674,0.0,0.0,0.0,849.0,104.0
OPENJPA,1,49.44297082228117,IBk,BestFirst(Bi-directional),OverSampling,None,NaN,0.0,0.7105418138987044,0.0,0.0,0.0,849.0,104.0
OPENJPA,1,49.44297082228117,RandomForest,BestFirst(Bi-directional),UnderSampling,None,NaN,0.0,0.5,0.0,0.0,0.0,849.0,104.0
OPENJPA,1,49.44297082228117,NaiveBayes,BestFirst(Bi-directional),UnderSampling,None,NaN,0.0,0.6489195433541723,0.0,0.0,0.0,849.0,104.0
OPENJPA,1,49.44297082228117,IBk,BestFirst(Bi-directional),UnderSampling,None,NaN,0.0,0.7357015040318927,0.0,0.0,0.0,849.0,104.0
OPENJPA,1,49.44297082228117,RandomForest,BestFirst(Bi-directional),SMOTE,None,NaN,0.0,0.5,0.0,0.0,0.0,849.0,104.0
OPENJPA,1,49.44297082228117,NaiveBayes,BestFirst(Bi-directional),SMOTE,None,NaN,0.0,0.6489195433541723,0.0,0.0,0.0,849.0,104.0
OPENJPA,1,49.44297082228117,IBk,BestFirst(Bi-directional),SMOTE,None,NaN,0.0,0.7357015040318927,0.0,0.0,0.0,849.0,104.0
OPENJPA,1,49.44297082228117,RandomForest,BestFirst(Bi-directional),None,SensitiveLearning,NaN,0.0,0.5,0.0,0.0,0.0,849.0,104.0
OPENJPA,1,49.44297082228117,NaiveBayes,BestFirst(Bi-directional),None,SensitiveLearning,NaN,0.0,0.6489195433541723,0.0,0.0,0.0,849.0,104.0
OPENJPA,1,49.44297082228117,IBk,BestFirst(Bi-directional),None,SensitiveLearning,NaN,0.0,0.7357015040318927,0.0,0.0,0.0,849.0,104.0
OPENJPA,2,66.4200140944327,RandomForest,None,None,None,NaN,0.0,0.5435417250962494,0.0,0.0,0.0,862.0,91.0
OPENJPA,2,66.4200140944327,NaiveBayes,None,None,None,0.7,0.07692307692307693,0.7942556283623569,0.12201243209471278,7.0,3.0,859.0,84.0
OPENJPA,2,66.4200140944327,IBk,None,None,None,NaN,0.0,0.5,0.0,0.0,0.0,862.0,91.0
OPENJPA,2,66.4200140944327,RandomForest,BestFirst(Bi-directional),None,None,NaN,0.0,0.5,0.0,0.0,0.0,862.0,91.0
OPENJPA,2,66.4200140944327,NaiveBayes,BestFirst(Bi-directional),None,None,0.0,0.0,0.6766273169985467,-0.004123944938537803,0.0,2.0,860.0,91.0
OPENJPA,2,66.4200140944327,IBk,BestFirst(Bi-directional),None,None,NaN,0.0,0.4960034165370592,0.0,0.0,0.0,862.0,91.0
OPENJPA,2,66.4200140944327,RandomForest,None,OverSampling,None,NaN,0.0,0.5277019963794906,0.0,0.0,0.0,862.0,91.0
OPENJPA,2,66.4200140944327,NaiveBayes,None,OverSampling,None,0.7272727272727273,0.08791208791208792,0.7948165523571556,0.13913280954581658,8.0,3.0,859.0,83.0
OPENJPA,2,66.4200140944327,IBk,None,OverSampling,None,NaN,0.0,0.4184493001198338,0.0,0.0,0.0,862.0,91.0
OPENJPA,2,66.4200140944327,RandomForest,None,UnderSampling,None,0.38461538461538464,0.054945054945054944,0.7274546798908748,0.07404957310896569,5.0,8.0,854.0,86.0
OPENJPA,2,66.4200140944327,NaiveBayes,None,UnderSampling,None,0.6153846153846154,0.17582417582417584,0.7812460161648097,0.24130599705907108,16.0,10.0,852.0,75.0
OPENJPA,2,66.4200140944327,IBk,None,UnderSampling,None,0.39215686274509803,0.21978021978021978,0.5919086713750287,0.228793119862905,20.0,31.0,831.0,71.0
OPENJPA,2,66.4200140944327,RandomForest,None,SMOTE,None,0.0,0.0,0.5479016343285484,-0.006132350959162114,0.0,3.0,859.0,91.0
OPENJPA,2,66.4200140944327,NaiveBayes,None,SMOTE,None,0.6666666666666666,0.06593406593406594,0.7943512404069248,0.10461019410219728,6.0,3.0,859.0,85.0
OPENJPA,2,66.4200140944327,IBk,None,SMOTE,None,0.0,0.0,0.4994199535962877,-0.002080142638352568,0.0,1.0,861.0,91.0
OPENJPA,2,66.4200140944327,RandomForest,None,None,SensitiveLearning,NaN,0.0,0.5342928533183754,0.0,0.0,0.0,862.0,91.0
OPENJPA,2,66.4200140944327,NaiveBayes,None,None,SensitiveLearning,0.7272727272727273,0.08791208791208792,0.7942556283623569,0.13913280954581658,8.0,3.0,859.0,83.0
OPENJPA,2,66.4200140944327,IBk,None,None,SensitiveLearning,NaN,0.0,0.5,0.0,0.0,0.0,862.0,91.0
OPENJPA,2,66.4200140944327,RandomForest,BestFirst(Bi-directional),OverSampling,None,NaN,0.0,0.5,0.0,0.0,0.0,862.0,91.0
OPENJPA,2,66.4200140944327,NaiveBayes,BestFirst(Bi-directional),OverSampling,None,0.25,0.01098901098901099,0.6854172509624946,0.013117017604417816,1.0,3.0,859.0,90.0
OPENJPA,2,66.4200140944327,IBk,BestFirst(Bi-directional),OverSampling,None,NaN,0.0,0.5472514724254863,0.0,0.0,0.0,862.0,91.0
OPENJPA,2,66.4200140944327,RandomForest,BestFirst(Bi-directional),UnderSampling,None,0.45454545454545453,0.054945054945054944,0.5726779021442594,0.07907230788622256,5.0,6.0,856.0,86.0
OPENJPA,2,66.4200140944327,NaiveBayes,BestFirst(Bi-directional),UnderSampling,None,0.4666666666666667,0.07692307692307693,0.5648823334438183,0.1079684193390852,7.0,8.0,854.0,84.0
OPENJPA,2,66.4200140944327,IBk,BestFirst(Bi-directional),UnderSampling,None,0.5294117647058824,0.0989010989010989,0.5448101782208511,0.14083942702594435,9.0,8.0,854.0,82.0
OPENJPA,2,66.4200140944327,RandomForest,BestFirst(Bi-directional),SMOTE,None,0.45454545454545453,0.054945054945054944,0.5653986384844853,0.07907230788622256,5.0,6.0,856.0,86.0
OPENJPA,2,66.4200140944327,NaiveBayes,BestFirst(Bi-directional),SMOTE,None,0.25,0.01098901098901099,0.7147319038270314,0.013117017604417816,1.0,3.0,859.0,90.0
OPENJPA,2,66.4200140944327,IBk,BestFirst(Bi-directional),SMOTE,None,0.46153846153846156,0.06593406593406594,0.5239030111419902,0.09375064602154017,6.0,7.0,855.0,85.0
OPENJPA,2,66.4200140944327,RandomForest,BestFirst(Bi-directional),None,SensitiveLearning,NaN,0.0,0.4994199535962877,0.0,0.0,0.0,862.0,91.0
OPENJPA,2,66.4200140944327,NaiveBayes,BestFirst(Bi-directional),None,SensitiveLearning,0.3333333333333333,0.01098901098901099,0.6766273169985467,0.01527472033784054,1.0,2.0,860.0,90.0
OPENJPA,2,66.4200140944327,IBk,BestFirst(Bi-directional),None,SensitiveLearning,NaN,0.0,0.4960034165370592,0.0,0.0,0.0,862.0,91.0
OPENJPA,3,73.92550143266476,RandomForest,None,None,None,0.14285714285714285,0.019801980198019802,0.7147579757975797,0.010473162521039579,2.0,12.0,888.0,99.0
OPENJPA,3,73.92550143266476,NaiveBayes,None,None,None,0.75,0.0891089108910891,0.7395324532453246,0.14088120770808293,9.0,3.0,897.0,92.0
OPENJPA,3,73.92550143266476,IBk,None,None,None,0.26666666666666666,0.07920792079207921,0.6967216721672167,0.07960278561776879,8.0,22.0,878.0,93.0
OPENJPA,3,73.92550143266476,RandomForest,BestFirst(Bi-directional),None,None,0.125,0.009900990099009901,0.7202090209020902,0.0035909315025160833,1.0,7.0,893.0,100.0
OPENJPA,3,73.92550143266476,NaiveBayes,BestFirst(Bi-directional),None,None,0.7777777777777778,0.13861386138613863,0.7938943894389439,0.2112172354372501,14.0,4.0,896.0,87.0
OPENJPA,3,73.92550143266476,IBk,BestFirst(Bi-directional),None,None,0.21739130434782608,0.04950495049504951,0.7014576457645765,0.04489529453121072,5.0,18.0,882.0,96.0
OPENJPA,3,73.92550143266476,RandomForest,None,OverSampling,None,0.11627906976744186,0.04950495049504951,0.7269251925192519,0.009774247368187609,5.0,38.0,862.0,96.0
OPENJPA,3,73.92550143266476,NaiveBayes,None,OverSampling,None,0.75,0.0891089108910891,0.7355830583058306,0.14088120770808293,9.0,3.0,897.0,92.0
OPENJPA,3,73.92550143266476,IBk,None,OverSampling,None,0.16393442622950818,0.09900990099009901,0.676067106710671,0.051374799786439336,10.0,51.0,849.0,91.0
OPENJPA,3,73.92550143266476,RandomForest,None,UnderSampling,None,0.21052631578947367,0.7128712871287128,0.7538338833883388,0.20050272599296393,72.0,270.0,630.0,29.0
OPENJPA,3,73.92550143266476,NaiveBayes,None,UnderSampling,None,0.7692307692307693,0.19801980198019803,0.7981628162816282,0.2854399999999993,20.0,6.0,894.0,81.0
OPENJPA,3,73.92550143266476,IBk,None,UnderSampling,None,0.20241691842900303,0.6633663366336634,0.6888173817381739,0.18401947643406194,67.0,264.0,636.0,34.0
OPENJPA,3,73.92550143266476,RandomForest,None,SMOTE,None,0.22580645161290322,0.13861386138613863,0.7024477447744775,0.10292155417919663,14.0,48.0,852.0,87.0
OPENJPA,3,73.92550143266476,NaiveBayes,None,SMOTE,None,0.6,0.0891089108910891,0.7570132013201321,0.13253629980722656,9.0,6.0,894.0,92.0
OPENJPA,3,73.92550143266476,IBk,None,SMOTE,None,0.2222222222222222,0.15841584158415842,0.7018481848184819,0.1102446589211302,16.0,56.0,844.0,85.0
OPENJPA,3,73.92550143266476,RandomForest,None,None,SensitiveLearning,0.1111111111111111,0.039603960396039604,0.7193509350935093,0.005667423863243232,4.0,32.0,868.0,97.0
OPENJPA,3,73.92550143266476,NaiveBayes,None,None,SensitiveLearning,0.7142857142857143,0.09900990099009901,0.7395324532453246,0.15310766161710604,10.0,4.0,896.0,91.0
OPENJPA,3,73.92550143266476,IBk,None,None,SensitiveLearning,0.17777777777777778,0.07920792079207921,0.6967216721672167,0.050534088255894886,8.0,37.0,863.0,93.0
OPENJPA,3,73.92550143266476,RandomForest,BestFirst(Bi-directional),OverSampling,None,0.16,0.07920792079207921,0.7203795379537954,0.04194227619797115,8.0,42.0,858.0,93.0
OPENJPA,3,73.92550143266476,NaiveBayes,BestFirst(Bi-directional),OverSampling,None,0.7727272727272727,0.16831683168316833,0.7921672167216721,0.2493280192788951,17.0,5.0,895.0,84.0
OPENJPA,3,73.92550143266476,IBk,BestFirst(Bi-directional),OverSampling,None,0.2033898305084746,0.1188118811881188,0.6874477447744775,0.08166376600423694,12.0,47.0,853.0,89.0
OPENJPA,3,73.92550143266476,RandomForest,BestFirst(Bi-directional),UnderSampling,None,0.15902964959568733,0.5841584158415841,0.6371342134213421,0.10861067089276268,59.0,312.0,588.0,42.0
OPENJPA,3,73.92550143266476,NaiveBayes,BestFirst(Bi-directional),UnderSampling,None,0.75,0.1485148514851485,0.7486578657865787,0.22198307154875643,15.0,5.0,895.0,86.0
OPENJPA,3,73.92550143266476,IBk,BestFirst(Bi-directional),UnderSampling,None,0.12335958005249344,0.46534653465346537,0.5485753575357536,0.042246991517064666,47.0,334.0,566.0,54.0
OPENJPA,3,73.92550143266476,RandomForest,BestFirst(Bi-directional),SMOTE,None,0.21428571428571427,0.1485148514851485,0.6841309130913091,0.1011902108500867,15.0,55.0,845.0,86.0
OPENJPA,3,73.92550143266476,NaiveBayes,BestFirst(Bi-directional),SMOTE,None,0.7,0.2079207920792079,0.7935588558855886,0.2876925906085342,21.0,9.0,891.0,80.0
OPENJPA,3,73.92550143266476,IBk,BestFirst(Bi-directional),SMOTE,None,0.20253164556962025,0.15841584158415842,0.7044829482948295,0.09787969943125775,16.0,63.0,837.0,85.0
OPENJPA,3,73.92550143266476,RandomForest,BestFirst(Bi-directional),None,SensitiveLearning,0.20588235294117646,0.06930693069306931,0.7348459845984598,0.05571191343057868,7.0,27.0,873.0,94.0
OPENJPA,3,73.92550143266476,NaiveBayes,BestFirst(Bi-directional),None,SensitiveLearning,0.7272727272727273,0.15841584158415842,0.7938943894389439,0.23245898600426315,16.0,6.0,894.0,85.0
OPENJPA,3,73.92550143266476,IBk,BestFirst(Bi-directional),None,SensitiveLearning,0.13157894736842105,0.04950495049504951,0.7014576457645765,0.017754044864335038,5.0,33.0,867.0,96.0
OPENJPA,4,78.78103837471784,RandomForest,None,None,None,0.3333333333333333,0.05319148936170213,0.6668119058397465,0.0684345594525235,5.0,10.0,930.0,89.0
OPENJPA,4,78.78103837471784,NaiveBayes,None,None,None,0.35294117647058826,0.06382978723404255,0.7687245359891354,0.08256107834877899,6.0,11.0,929.0,88.0
OPENJPA,4,78.78103837471784,IBk,None,None,None,0.2857142857142857,0.06382978723404255,0.7139373019465821,0.07358953393295271,6.0,15.0,925.0,88.0
OPENJPA,4,78.78103837471784,RandomForest,BestFirst(Bi-directional),None,None,0.42857142857142855,0.06382978723404255,0.6563263920325939,0.08965517241379388,6.0,8.0,932.0,88.0
OPENJPA,4,78.78103837471784,NaiveBayes,BestFirst(Bi-directional),None,None,0.5882352941176471,0.10638297872340426,0.7688660027161611,0.15669755686604891,10.0,7.0,933.0,84.0
OPENJPA,4,78.78103837471784,IBk,BestFirst(Bi-directional),None,None,0.4074074074074074,0.11702127659574468,0.7270597555454957,0.14722004698512184,11.0,16.0,924.0,83.0
OPENJPA,4,78.78103837471784,RandomForest,None,OverSampling,None,0.12,0.1595744680851064,0.6570224083295609,0.037054191755442306,15.0,110.0,830.0,79.0
OPENJPA,4,78.78103837471784,NaiveBayes,None,OverSampling,None,0.35294117647058826,0.06382978723404255,0.7821638750565867,0.08256107834877899,6.0,11.0,929.0,88.0
OPENJPA,4,78.78103837471784,IBk,None,OverSampling,None,0.10852713178294573,0.14893617021276595,0.7055737890448167,0.022779043280182213,14.0,115.0,825.0,80.0
OPENJPA,4,78.78103837471784,RandomForest,None,UnderSampling,None,0.1360381861575179,0.6063829787234043,0.6599932095971027,0.08657648283038501,57.0,362.0,578.0,37.0
OPENJPA,4,78.78103837471784,NaiveBayes,None,UnderSampling,None,0.3333333333333333,0.10638297872340426,0.7320733363512901,0.12269938650306739,10.0,20.0,920.0,84.0
OPENJPA,4,78.78103837471784,IBk,None,UnderSampling,None,0.10526315789473684,0.5106382978723404,0.5670099592575826,0.02802646944336311,48.0,408.0,532.0,46.0
OPENJPA,4,78.78103837471784,RandomForest,None,SMOTE,None,0.34,0.18085106382978725,0.6724422815753734,0.18463611859838244,17.0,33.0,907.0,77.0
OPENJPA,4,78.78103837471784,NaiveBayes,None,SMOTE,None,0.3333333333333333,0.0851063829787234,0.784517881394296,0.1024000000000005,8.0,16.0,924.0,86.0
OPENJPA,4,78.78103837471784,IBk,None,SMOTE,None,0.2692307692307692,0.14893617021276595,0.7312188773200543,0.1358189081225031,14.0,38.0,902.0,80.0
OPENJPA,4,78.78103837471784,RandomForest,None,None,SensitiveLearning,0.13414634146341464,0.11702127659574468,0.6408725667722952,0.04401805869074531,11.0,71.0,869.0,83.0
OPENJPA,4,78.78103837471784,NaiveBayes,None,None,SensitiveLearning,0.3888888888888889,0.07446808510638298,0.7687245359891354,0.09866220735785909,7.0,11.0,929.0,87.0
OPENJPA,4,78.78103837471784,IBk,None,None,SensitiveLearning,0.1125,0.09574468085106383,0.7139373019465821,0.021664766248574385,9.0,71.0,869.0,85.0
OPENJPA,4,78.78103837471784,RandomForest,BestFirst(Bi-directional),OverSampling,None,0.10077519379844961,0.13829787234042554,0.6234495246717972,0.012756264236902385,13.0,116.0,824.0,81.0
OPENJPA,4,78.78103837471784,NaiveBayes,BestFirst(Bi-directional),OverSampling,None,0.6153846153846154,0.1702127659574468,0.7712426437301947,0.23659305993690838,16.0,10.0,930.0,78.0
OPENJPA,4,78.78103837471784,IBk,BestFirst(Bi-directional),OverSampling,None,0.12413793103448276,0.19148936170212766,0.691902444545043,0.04531851218469439,18.0,127.0,813.0,76.0
OPENJPA,4,78.78103837471784,RandomForest,BestFirst(Bi-directional),UnderSampling,None,0.13746630727762804,0.5425531914893617,0.6602591670439113,0.08689686713926362,51.0,320.0,620.0,43.0
OPENJPA,4,78.78103837471784,NaiveBayes,BestFirst(Bi-directional),UnderSampling,None,0.5925925925925926,0.1702127659574468,0.7374320959710277,0.23335943617854385,16.0,11.0,929.0,78.0
OPENJPA,4,78.78103837471784,IBk,BestFirst(Bi-directional),UnderSampling,None,0.13784461152882205,0.5851063829787234,0.6488343141693074,0.08908108108108113,55.0,344.0,596.0,39.0
OPENJPA,4,78.78103837471784,RandomForest,BestFirst(Bi-directional),SMOTE,None,0.3684210526315789,0.14893617021276595,0.680449298325034,0.1686046511627909,14.0,24.0,916.0,80.0
OPENJPA,4,78.78103837471784,NaiveBayes,BestFirst(Bi-directional),SMOTE,None,0.5714285714285714,0.1702127659574468,0.7896276595744681,0.23017107309486698,16.0,12.0,928.0,78.0
OPENJPA,4,78.78103837471784,IBk,BestFirst(Bi-directional),SMOTE,None,0.3157894736842105,0.19148936170212766,0.7433736985061113,0.18228829993535894,18.0,39.0,901.0,76.0
OPENJPA,4,78.78103837471784,RandomForest,BestFirst(Bi-directional),None,SensitiveLearning,0.1411764705882353,0.1276595744680851,0.6492530556813038,0.05225125069483098,12.0,73.0,867.0,82.0
OPENJPA,4,78.78103837471784,NaiveBayes,BestFirst(Bi-directional),None,SensitiveLearning,0.6,0.1595744680851064,0.7688660027161611,0.22239872915011907,15.0,10.0,930.0,79.0
OPENJPA,4,78.78103837471784,IBk,BestFirst(Bi-directional),None,SensitiveLearning,0.16279069767441862,0.14893617021276595,0.7270597555454957,0.0752212389380532,14.0,72.0,868.0,80.0
OPENJPA,5,82.09231805929919,RandomForest,None,None,None,0.4444444444444444,0.039603960396039604,0.7100975690084601,0.05808256306901053,4.0,5.0,957.0,97.0
OPENJPA,5,82.09231805929919,NaiveBayes,None,None,None,0.4,0.0594059405940594,0.8004878450423005,0.08086266815211363,6.0,9.0,953.0,95.0
OPENJPA,5,82.09231805929919,IBk,None,None,None,0.4090909090909091,0.0891089108910891,0.7336716000082337,0.11630576778433202,9.0,13.0,949.0,92.0
OPENJPA,5,82.09231805929919,RandomForest,BestFirst(Bi-directional),None,None,0.46153846153846156,0.0594059405940594,0.6581739774809082,0.08544485306521832,6.0,7.0,955.0,95.0
OPENJPA,5,82.09231805929919,NaiveBayes,BestFirst(Bi-directional),None,None,0.5483870967741935,0.16831683168316833,0.7805520676807806,0.22289525116743997,17.0,14.0,948.0,84.0
OPENJPA,5,82.09231805929919,IBk,BestFirst(Bi-directional),None,None,0.3181818181818182,0.06930693069306931,0.7325909306107325,0.08264122560468709,7.0,15.0,947.0,94.0
OPENJPA,5,82.09231805929919,RandomForest,None,OverSampling,None,0.19,0.18811881188118812,0.6855354974166855,0.10438171640055209,19.0,81.0,881.0,82.0
OPENJPA,5,82.09231805929919,NaiveBayes,None,OverSampling,None,0.4444444444444444,0.07920792079207921,0.7979456989357979,0.10883844344421748,8.0,10.0,952.0,93.0
OPENJPA,5,82.09231805929919,IBk,None,OverSampling,None,0.16494845360824742,0.15841584158415842,0.7444937321174945,0.07555532271584256,16.0,81.0,881.0,85.0
OPENJPA,5,82.09231805929919,RandomForest,None,UnderSampling,None,0.20192307692307693,0.6237623762376238,0.7144768530907145,0.18860357185600884,63.0,249.0,713.0,38.0
OPENJPA,5,82.09231805929919,NaiveBayes,None,UnderSampling,None,0.5,0.10891089108910891,0.7896914431567897,0.14997030996397595,11.0,11.0,951.0,90.0
OPENJPA,5,82.09231805929919,IBk,None,UnderSampling,None,0.1452991452991453,0.504950495049505,0.6317387456001318,0.09161714366634588,51.0,300.0,662.0,50.0
OPENJPA,5,82.09231805929919,RandomForest,None,SMOTE,None,0.2926829268292683,0.1188118811881188,0.719015664560219,0.120773285481972,12.0,29.0,933.0,89.0
OPENJPA,5,82.09231805929919,NaiveBayes,None,SMOTE,None,0.4,0.09900990099009901,0.8022941067495523,0.1257681087455784,10.0,15.0,947.0,91.0
OPENJPA,5,82.09231805929919,IBk,None,SMOTE,None,0.2894736842105263,0.10891089108910891,0.7327556040427328,0.1121493992761331,11.0,27.0,935.0,90.0
OPENJPA,5,82.09231805929919,RandomForest,None,None,SensitiveLearning,0.25862068965517243,0.1485148514851485,0.6754338115724254,0.12825093292477505,15.0,43.0,919.0,86.0
OPENJPA,5,82.09231805929919,NaiveBayes,None,None,SensitiveLearning,0.4444444444444444,0.07920792079207921,0.8004878450423005,0.10883844344421748,8.0,10.0,952.0,93.0
OPENJPA,5,82.09231805929919,IBk,None,None,SensitiveLearning,0.18333333333333332,0.10891089108910891,0.7336716000082337,0.07084509787892361,11.0,49.0,913.0,90.0
OPENJPA,5,82.09231805929919,RandomForest,BestFirst(Bi-directional),OverSampling,None,0.1452991452991453,0.16831683168316833,0.6373582264671374,0.06010571840461308,17.0,100.0,862.0,84.0
OPENJPA,5,82.09231805929919,NaiveBayes,BestFirst(Bi-directional),OverSampling,None,0.46551724137931033,0.26732673267326734,0.7814320413330315,0.2904368058690027,27.0,31.0,931.0,74.0
OPENJPA,5,82.09231805929919,IBk,BestFirst(Bi-directional),OverSampling,None,0.1271186440677966,0.1485148514851485,0.7128867252629629,0.03854307741635969,15.0,103.0,859.0,86.0
OPENJPA,5,82.09231805929919,RandomForest,BestFirst(Bi-directional),UnderSampling,None,0.21785714285714286,0.6039603960396039,0.7433564562277434,0.2098650281394664,61.0,219.0,743.0,40.0
OPENJPA,5,82.09231805929919,NaiveBayes,BestFirst(Bi-directional),UnderSampling,None,0.4626865671641791,0.3069306930693069,0.7691072641567691,0.31730990608906423,31.0,36.0,926.0,70.0
OPENJPA,5,82.09231805929919,IBk,BestFirst(Bi-directional),UnderSampling,None,0.18478260869565216,0.6732673267326733,0.7371503262592372,0.16555912034341413,68.0,300.0,662.0,33.0
OPENJPA,5,82.09231805929919,RandomForest,BestFirst(Bi-directional),SMOTE,None,0.32,0.07920792079207921,0.5999156048661,0.09277822605673186,8.0,17.0,945.0,93.0
OPENJPA,5,82.09231805929919,NaiveBayes,BestFirst(Bi-directional),SMOTE,None,0.46774193548387094,0.2871287128712871,0.7937722566435438,0.3056393666988085,29.0,33.0,929.0,72.0
OPENJPA,5,82.09231805929919,IBk,BestFirst(Bi-directional),SMOTE,None,0.3235294117647059,0.10891089108910891,0.7366871822317367,0.12088965653519894,11.0,23.0,939.0,90.0
OPENJPA,5,82.09231805929919,RandomForest,BestFirst(Bi-directional),None,SensitiveLearning,0.1917808219178082,0.13861386138613863,0.6733599555381734,0.08822907364760078,14.0,59.0,903.0,87.0
OPENJPA,5,82.09231805929919,NaiveBayes,BestFirst(Bi-directional),None,SensitiveLearning,0.4897959183673469,0.2376237623762376,0.7805520676807806,0.27499465069006074,24.0,25.0,937.0,77.0
OPENJPA,5,82.09231805929919,IBk,BestFirst(Bi-directional),None,SensitiveLearning,0.140625,0.0891089108910891,0.7325909306107325,0.038198526469990376,9.0,55.0,907.0,92.0
OPENJPA,6,84.96993987975952,RandomForest,None,None,None,0.5384615384615384,0.07526881720430108,0.6892113571757621,0.11280101394169836,7.0,6.0,951.0,86.0
OPENJPA,6,84.96993987975952,NaiveBayes,None,None,None,0.3076923076923077,0.12903225806451613,0.7835923191874249,0.13663149239413466,12.0,27.0,930.0,81.0
OPENJPA,6,84.96993987975952,IBk,None,None,None,0.32142857142857145,0.0967741935483871,0.7209301019089673,0.11237504308858957,9.0,19.0,938.0,84.0
OPENJPA,6,84.96993987975952,RandomForest,BestFirst(Bi-directional),None,None,0.47058823529411764,0.08602150537634409,0.6680823810968416,0.12140148480478527,8.0,9.0,948.0,85.0
OPENJPA,6,84.96993987975952,NaiveBayes,BestFirst(Bi-directional),None,None,0.4473684210526316,0.1827956989247312,0.7934292873113785,0.21943256541132136,17.0,21.0,936.0,76.0
OPENJPA,6,84.96993987975952,IBk,BestFirst(Bi-directional),None,None,0.42857142857142855,0.0967741935483871,0.7306603296592173,0.12948857453754128,9.0,12.0,945.0,84.0
OPENJPA,6,84.96993987975952,RandomForest,None,OverSampling,None,0.1511627906976744,0.13978494623655913,0.6623521084032764,0.06573851146236835,13.0,73.0,884.0,80.0
OPENJPA,6,84.96993987975952,NaiveBayes,None,OverSampling,None,0.30952380952380953,0.13978494623655913,0.7817777328344625,0.14550015678896233,13.0,29.0,928.0,80.0
OPENJPA,6,84.96993987975952,IBk,None,OverSampling,None,0.14705882352941177,0.16129032258064516,0.7244412984123774,0.06743532603429882,15.0,87.0,870.0,78.0
OPENJPA,6,84.96993987975952,RandomForest,None,UnderSampling,None,0.2078853046594982,0.6236559139784946,0.756755542072561,0.20639138367787996,58.0,221.0,736.0,35.0
OPENJPA,6,84.96993987975952,NaiveBayes,None,UnderSampling,None,0.35714285714285715,0.16129032258064516,0.7704126919922248,0.17685794920037662,15.0,27.0,930.0,78.0
OPENJPA,6,84.96993987975952,IBk,None,UnderSampling,None,0.18210862619808307,0.6129032258064516,0.7039302929180571,0.16703343276769866,57.0,256.0,701.0,36.0
OPENJPA,6,84.96993987975952,RandomForest,None,SMOTE,None,0.3684210526315789,0.15053763440860216,0.7385703531420995,0.17115004368418602,14.0,24.0,933.0,79.0
OPENJPA,6,84.96993987975952,NaiveBayes,None,SMOTE,None,0.3181818181818182,0.15053763440860216,0.784541746721947,0.1563840608553359,14.0,30.0,927.0,79.0
OPENJPA,6,84.96993987975952,IBk,None,SMOTE,None,0.23529411764705882,0.12903225806451613,0.7213345917461601,0.11088530420424214,12.0,39.0,918.0,81.0
OPENJPA,6,84.96993987975952,RandomForest,None,None,SensitiveLearning,0.21666666666666667,0.13978494623655913,0.6909248210694262,0.10796708809953869,13.0,47.0,910.0,80.0
OPENJPA,6,84.96993987975952,NaiveBayes,None,None,SensitiveLearning,0.30952380952380953,0.13978494623655913,0.7835923191874249,0.14550015678896233,13.0,29.0,928.0,80.0
OPENJPA,6,84.96993987975952,IBk,None,None,SensitiveLearning,0.15625,0.10752688172043011,0.7209301019089673,0.05947197049939186,10.0,54.0,903.0,83.0
OPENJPA,6,84.96993987975952,RandomForest,BestFirst(Bi-directional),OverSampling,None,0.13725490196078433,0.15053763440860216,0.6542847833170414,0.05613151180441184,14.0,88.0,869.0,79.0
OPENJPA,6,84.96993987975952,NaiveBayes,BestFirst(Bi-directional),OverSampling,None,0.4177215189873418,0.3548387096774194,0.7922214357142054,0.32913818668402633,33.0,46.0,911.0,60.0
OPENJPA,6,84.96993987975952,IBk,BestFirst(Bi-directional),OverSampling,None,0.1588785046728972,0.1827956989247312,0.7390141683801306,0.08310450399267781,17.0,90.0,867.0,76.0
OPENJPA,6,84.96993987975952,RandomForest,BestFirst(Bi-directional),UnderSampling,None,0.21532846715328466,0.6344086021505376,0.7655363422882889,0.21811917963072616,59.0,215.0,742.0,34.0
OPENJPA,6,84.96993987975952,NaiveBayes,BestFirst(Bi-directional),UnderSampling,None,0.39473684210526316,0.3225806451612903,0.7976371052010651,0.2992027627760023,30.0,46.0,911.0,63.0
OPENJPA,6,84.96993987975952,IBk,BestFirst(Bi-directional),UnderSampling,None,0.18831168831168832,0.6236559139784946,0.6928967090257413,0.17734672670592289,58.0,250.0,707.0,35.0
OPENJPA,6,84.96993987975952,RandomForest,BestFirst(Bi-directional),SMOTE,None,0.4642857142857143,0.13978494623655913,0.6673969955393759,0.18131678731471867,13.0,15.0,942.0,80.0
OPENJPA,6,84.96993987975952,NaiveBayes,BestFirst(Bi-directional),SMOTE,None,0.39473684210526316,0.3225806451612903,0.7922888506870709,0.2992027627760023,30.0,46.0,911.0,63.0
OPENJPA,6,84.96993987975952,IBk,BestFirst(Bi-directional),SMOTE,None,0.3611111111111111,0.13978494623655913,0.7347726430040112,0.16002609627662048,13.0,23.0,934.0,80.0
OPENJPA,6,84.96993987975952,RandomForest,BestFirst(Bi-directional),None,SensitiveLearning,0.19696969696969696,0.13978494623655913,0.6656048808440355,0.09713332557508021,13.0,53.0,904.0,80.0
OPENJPA,6,84.96993987975952,NaiveBayes,BestFirst(Bi-directional),None,SensitiveLearning,0.4576271186440678,0.2903225806451613,0.7934292873113785,0.30765814864155616,27.0,32.0,925.0,66.0
OPENJPA,6,84.96993987975952,IBk,BestFirst(Bi-directional),None,SensitiveLearning,0.16666666666666666,0.11827956989247312,0.7306603296592173,0.06997944062996979,11.0,55.0,902.0,82.0
OPENJPA,7,86.87974132570575,RandomForest,None,None,None,0.4666666666666667,0.08860759493670886,0.7371731687072006,0.12809917355371916,7.0,8.0,968.0,72.0
OPENJPA,7,86.87974132570575,NaiveBayes,None,None,None,0.5357142857142857,0.189873417721519,0.8276289167877153,0.2510211043600926,15.0,13.0,963.0,64.0
OPENJPA,7,86.87974132570575,IBk,None,None,None,0.4444444444444444,0.1518987341772152,0.7413363768416684,0.19573463240489355,12.0,15.0,961.0,67.0
OPENJPA,7,86.87974132570575,RandomForest,BestFirst(Bi-directional),None,None,0.5,0.11392405063291139,0.6895426955799958,0.16228603592284696,9.0,9.0,967.0,70.0
OPENJPA,7,86.87974132570575,NaiveBayes,BestFirst(Bi-directional),None,None,0.5294117647058824,0.34177215189873417,0.8281995746005395,0.37889257273882193,27.0,24.0,952.0,52.0
OPENJPA,7,86.87974132570575,IBk,BestFirst(Bi-directional),None,None,0.4642857142857143,0.16455696202531644,0.7439821539738535,0.21211310978139572,13.0,15.0,961.0,66.0
OPENJPA,7,86.87974132570575,RandomForest,None,OverSampling,None,0.13559322033898305,0.20253164556962025,0.7205462751608217,0.0798980924039731,16.0,102.0,874.0,63.0
OPENJPA,7,86.87974132570575,NaiveBayes,None,OverSampling,None,0.5517241379310345,0.20253164556962025,0.8291722867814899,0.2668117558843432,16.0,13.0,963.0,63.0
OPENJPA,7,86.87974132570575,IBk,None,OverSampling,None,0.15079365079365079,0.24050632911392406,0.7375752230753269,0.10277694317273268,19.0,107.0,869.0,60.0
OPENJPA,7,86.87974132570575,RandomForest,None,UnderSampling,None,0.1916376306620209,0.6962025316455697,0.7876374766549077,0.20747452932062552,55.0,232.0,744.0,24.0
OPENJPA,7,86.87974132570575,NaiveBayes,None,UnderSampling,None,0.5172413793103449,0.189873417721519,0.8283876322888566,0.24751732840761517,15.0,14.0,962.0,64.0
OPENJPA,7,86.87974132570575,IBk,None,UnderSampling,None,0.1572700296735905,0.6708860759493671,0.7221415231375804,0.1519160654921504,53.0,284.0,692.0,26.0
OPENJPA,7,86.87974132570575,RandomForest,None,SMOTE,None,0.3829787234042553,0.22784810126582278,0.7569711039634779,0.2434504079551252,18.0,29.0,947.0,61.0
OPENJPA,7,86.87974132570575,NaiveBayes,None,SMOTE,None,0.5333333333333333,0.20253164556962025,0.826954503008923,0.26320801777697217,16.0,14.0,962.0,63.0
OPENJPA,7,86.87974132570575,IBk,None,SMOTE,None,0.38181818181818183,0.26582278481012656,0.7650835235526042,0.2684654808561951,21.0,34.0,942.0,58.0
OPENJPA,7,86.87974132570575,RandomForest,None,None,SensitiveLearning,0.24324324324324326,0.22784810126582278,0.7155919277858477,0.17557756657293797,18.0,56.0,920.0,61.0
OPENJPA,7,86.87974132570575,NaiveBayes,None,None,SensitiveLearning,0.5333333333333333,0.20253164556962025,0.8276289167877153,0.26320801777697217,16.0,14.0,962.0,63.0
OPENJPA,7,86.87974132570575,IBk,None,None,SensitiveLearning,0.19444444444444445,0.17721518987341772,0.7413428615895414,0.12278863508845447,14.0,58.0,918.0,65.0
OPENJPA,7,86.87974132570575,RandomForest,BestFirst(Bi-directional),OverSampling,None,0.18018018018018017,0.25316455696202533,0.6389486926748288,0.13482986354093784,20.0,91.0,885.0,59.0
OPENJPA,7,86.87974132570575,NaiveBayes,BestFirst(Bi-directional),OverSampling,None,0.3917525773195876,0.4810126582278481,0.8290490765719029,0.38070136304401436,38.0,59.0,917.0,41.0
OPENJPA,7,86.87974132570575,IBk,BestFirst(Bi-directional),OverSampling,None,0.1810344827586207,0.26582278481012656,0.7382950300892301,0.13864682999194164,21.0,95.0,881.0,58.0
OPENJPA,7,86.87974132570575,RandomForest,BestFirst(Bi-directional),UnderSampling,None,0.19548872180451127,0.6582278481012658,0.7911457252542021,0.21025821020230023,52.0,214.0,762.0,27.0
OPENJPA,7,86.87974132570575,NaiveBayes,BestFirst(Bi-directional),UnderSampling,None,0.38317757009345793,0.5189873417721519,0.8283227848101266,0.3881465949900738,41.0,66.0,910.0,38.0
OPENJPA,7,86.87974132570575,IBk,BestFirst(Bi-directional),UnderSampling,None,0.18243243243243243,0.6835443037974683,0.7372834094210418,0.1925488093975471,54.0,242.0,734.0,25.0
OPENJPA,7,86.87974132570575,RandomForest,BestFirst(Bi-directional),SMOTE,None,0.3076923076923077,0.1518987341772152,0.6883235629798713,0.16190588871611064,12.0,27.0,949.0,67.0
OPENJPA,7,86.87974132570575,NaiveBayes,BestFirst(Bi-directional),SMOTE,None,0.3894736842105263,0.46835443037974683,0.8278818219547625,0.37411010915994336,37.0,58.0,918.0,42.0
OPENJPA,7,86.87974132570575,IBk,BestFirst(Bi-directional),SMOTE,None,0.3469387755102041,0.21518987341772153,0.7526133533928201,0.2209618375779663,17.0,32.0,944.0,62.0
OPENJPA,7,86.87974132570575,RandomForest,BestFirst(Bi-directional),None,SensitiveLearning,0.21621621621621623,0.20253164556962025,0.7064484332849139,0.14739218423355177,16.0,58.0,918.0,63.0
OPENJPA,7,86.87974132570575,NaiveBayes,BestFirst(Bi-directional),None,SensitiveLearning,0.42168674698795183,0.4430379746835443,0.8281995746005395,0.3849020253998831,35.0,48.0,928.0,44.0
OPENJPA,7,86.87974132570575,IBk,BestFirst(Bi-directional),None,SensitiveLearning,0.20270270270270271,0.189873417721519,0.7439821539738535,0.13329949306385827,15.0,59.0,917.0,64.0
OPENJPA,8,88.39177750906893,RandomForest,None,None,None,0.5,0.09782608695652174,0.6691942540140718,0.13908974904295984,9.0,9.0,955.0,83.0
OPENJPA,8,88.39177750906893,NaiveBayes,None,None,None,0.6666666666666666,0.10869565217391304,0.8141067562691683,0.16655780535597683,10.0,5.0,959.0,82.0
OPENJPA,8,88.39177750906893,IBk,None,None,None,0.5,0.10869565217391304,0.7043512087317337,0.15219212510471922,10.0,10.0,954.0,82.0
OPENJPA,8,88.39177750906893,RandomForest,BestFirst(Bi-directional),None,None,0.45,0.09782608695652174,0.6620794244993685,0.13376151912873543,9.0,11.0,953.0,83.0
OPENJPA,8,88.39177750906893,NaiveBayes,BestFirst(Bi-directional),None,None,0.6176470588235294,0.22826086956521738,0.8143097149558001,0.3004416403785483,21.0,13.0,951.0,71.0
OPENJPA,8,88.39177750906893,IBk,BestFirst(Bi-directional),None,None,0.43478260869565216,0.10869565217391304,0.7044977900054122,0.14408572793666,10.0,13.0,951.0,82.0
OPENJPA,8,88.39177750906893,RandomForest,None,OverSampling,None,0.17757009345794392,0.20652173913043478,0.632024625653978,0.107321376065863,19.0,88.0,876.0,73.0
OPENJPA,8,88.39177750906893,NaiveBayes,None,OverSampling,None,0.6842105263157895,0.14130434782608695,0.8067776925852427,0.21069293000351824,13.0,6.0,958.0,79.0
OPENJPA,8,88.39177750906893,IBk,None,OverSampling,None,0.17391304347826086,0.21739130434782608,0.7066063052498647,0.1067709388548966,20.0,95.0,869.0,72.0
OPENJPA,8,88.39177750906893,RandomForest,None,UnderSampling,None,0.24369747899159663,0.6304347826086957,0.7828454807865777,0.25831014020900067,58.0,180.0,784.0,34.0
OPENJPA,8,88.39177750906893,NaiveBayes,None,UnderSampling,None,0.6818181818181818,0.16304347826086957,0.8053118798484575,0.23751891074130044,15.0,7.0,957.0,77.0
OPENJPA,8,88.39177750906893,IBk,None,UnderSampling,None,0.19727891156462585,0.6304347826086957,0.7524467797221721,0.1934826883910384,58.0,236.0,728.0,34.0
OPENJPA,8,88.39177750906893,RandomForest,None,SMOTE,None,0.3090909090909091,0.18478260869565216,0.6816480245354501,0.17768344451182524,17.0,38.0,926.0,75.0
OPENJPA,8,88.39177750906893,NaiveBayes,None,SMOTE,None,0.7222222222222222,0.14130434782608695,0.8130186721991701,0.21395150999574586,13.0,5.0,959.0,79.0
OPENJPA,8,88.39177750906893,IBk,None,SMOTE,None,0.2909090909090909,0.17391304347826086,0.7150629171928559,0.1631291691934509,16.0,39.0,925.0,76.0
OPENJPA,8,88.39177750906893,RandomForest,None,None,SensitiveLearning,0.24444444444444444,0.2391304347826087,0.6769179595886704,0.17026509975403106,22.0,68.0,896.0,70.0
OPENJPA,8,88.39177750906893,NaiveBayes,None,None,SensitiveLearning,0.7058823529411765,0.13043478260869565,0.8141067562691683,0.19839965706937243,12.0,5.0,959.0,80.0
OPENJPA,8,88.39177750906893,IBk,None,None,SensitiveLearning,0.19480519480519481,0.16304347826086957,0.7042666426123038,0.1065881092662025,15.0,62.0,902.0,77.0
OPENJPA,8,88.39177750906893,RandomForest,BestFirst(Bi-directional),OverSampling,None,0.184,0.25,0.6429392928017319,0.12406379758624651,23.0,102.0,862.0,69.0
OPENJPA,8,88.39177750906893,NaiveBayes,BestFirst(Bi-directional),OverSampling,None,0.5230769230769231,0.3695652173913043,0.8095289103373624,0.38904779239690074,34.0,31.0,933.0,58.0
OPENJPA,8,88.39177750906893,IBk,BestFirst(Bi-directional),OverSampling,None,0.1746031746031746,0.2391304347826087,0.7125823110229118,0.11245073035010436,22.0,104.0,860.0,70.0
OPENJPA,8,88.39177750906893,RandomForest,BestFirst(Bi-directional),UnderSampling,None,0.22988505747126436,0.6521739130434783,0.7918320404113296,0.2423324218461309,60.0,201.0,763.0,32.0
OPENJPA,8,88.39177750906893,NaiveBayes,BestFirst(Bi-directional),UnderSampling,None,0.5074626865671642,0.3695652173913043,0.8165084340609778,0.3823211806448296,34.0,33.0,931.0,58.0
OPENJPA,8,88.39177750906893,IBk,BestFirst(Bi-directional),UnderSampling,None,0.1875,0.6521739130434783,0.7582198268085875,0.18033344675059548,60.0,260.0,704.0,32.0
OPENJPA,8,88.39177750906893,RandomForest,BestFirst(Bi-directional),SMOTE,None,0.2641509433962264,0.15217391304347827,0.6425502886523543,0.13821773338541332,14.0,39.0,925.0,78.0
OPENJPA,8,88.39177750906893,NaiveBayes,BestFirst(Bi-directional),SMOTE,None,0.5172413793103449,0.32608695652173914,0.8123872451740934,0.3566554749268926,30.0,28.0,936.0,62.0
OPENJPA,8,88.39177750906893,IBk,BestFirst(Bi-directional),SMOTE,None,0.2727272727272727,0.16304347826086957,0.7126499639184557,0.14857489387507572,15.0,40.0,924.0,77.0
OPENJPA,8,88.39177750906893,RandomForest,BestFirst(Bi-directional),None,SensitiveLearning,0.2247191011235955,0.21739130434782608,0.6676269619339708,0.14799725337605826,20.0,69.0,895.0,72.0
OPENJPA,8,88.39177750906893,NaiveBayes,BestFirst(Bi-directional),None,SensitiveLearning,0.5172413793103449,0.32608695652173914,0.8143097149558001,0.3566554749268926,30.0,28.0,936.0,62.0
OPENJPA,8,88.39177750906893,IBk,BestFirst(Bi-directional),None,SensitiveLearning,0.1875,0.16304347826086957,0.704390672920801,0.10161042944785241,15.0,65.0,899.0,77.0
OPENJPA,9,88.63016367887764,RandomForest,None,None,None,0.42857142857142855,0.1188118811881188,0.7211050842420077,0.15427194986437726,12.0,16.0,1050.0,89.0
OPENJPA,9,88.63016367887764,NaiveBayes,None,None,None,0.45161290322580644,0.13861386138613863,0.7401454498170267,0.17873624663355533,14.0,17.0,1049.0,87.0
OPENJPA,9,88.63016367887764,IBk,None,None,None,0.3620689655172414,0.2079207920792079,0.6895073653706834,0.21455731518606516,21.0,37.0,1029.0,80.0
OPENJPA,9,88.63016367887764,RandomForest,BestFirst(Bi-directional),None,None,0.5,0.1782178217821782,0.7106096632177289,0.2276435550138587,18.0,18.0,1048.0,83.0
OPENJPA,9,88.63016367887764,NaiveBayes,BestFirst(Bi-directional),None,None,0.5094339622641509,0.26732673267326734,0.7525820593316367,0.3095164840366366,27.0,26.0,1040.0,74.0
OPENJPA,9,88.63016367887764,IBk,BestFirst(Bi-directional),None,None,0.5,0.2079207920792079,0.7123000761614623,0.25587605825867854,21.0,21.0,1045.0,80.0
OPENJPA,9,88.63016367887764,RandomForest,None,OverSampling,None,0.20610687022900764,0.26732673267326734,0.69457396021028,0.1496467197746867,27.0,104.0,962.0,74.0
OPENJPA,9,88.63016367887764,NaiveBayes,None,OverSampling,None,0.4117647058823529,0.13861386138613863,0.740609848977393,0.17128028829881153,14.0,20.0,1046.0,87.0
OPENJPA,9,88.63016367887764,IBk,None,OverSampling,None,0.18493150684931506,0.26732673267326734,0.6813943120390838,0.12956557696989857,27.0,119.0,947.0,74.0
OPENJPA,9,88.63016367887764,RandomForest,None,UnderSampling,None,0.19873817034700317,0.6237623762376238,0.7711533817546858,0.1958789160208794,63.0,254.0,812.0,38.0
OPENJPA,9,88.63016367887764,NaiveBayes,None,UnderSampling,None,0.43243243243243246,0.15841584158415842,0.7400897219177828,0.1945016018545042,16.0,21.0,1045.0,85.0
OPENJPA,9,88.63016367887764,IBk,None,UnderSampling,None,0.19148936170212766,0.6237623762376238,0.7417476269202905,0.18510079200279328,63.0,266.0,800.0,38.0
OPENJPA,9,88.63016367887764,RandomForest,None,SMOTE,None,0.3111111111111111,0.27722772277227725,0.7148356955770624,0.23042541655065246,28.0,62.0,1004.0,73.0
OPENJPA,9,88.63016367887764,NaiveBayes,None,SMOTE,None,0.43243243243243246,0.15841584158415842,0.7419333865844371,0.1945016018545042,16.0,21.0,1045.0,85.0
OPENJPA,9,88.63016367887764,IBk,None,SMOTE,None,0.27450980392156865,0.27722772277227725,0.6981498337451005,0.2068822036366662,28.0,74.0,992.0,73.0
OPENJPA,9,88.63016367887764,RandomForest,None,None,SensitiveLearning,0.2803738317757009,0.297029702970297,0.7110926383445099,0.21891082750698734,30.0,77.0,989.0,71.0
OPENJPA,9,88.63016367887764,NaiveBayes,None,None,SensitiveLearning,0.42424242424242425,0.13861386138613863,0.7401454498170267,0.17373356845142635,14.0,19.0,1047.0,87.0
OPENJPA,9,88.63016367887764,IBk,None,None,SensitiveLearning,0.25773195876288657,0.24752475247524752,0.689498077387476,0.18326776121661548,25.0,72.0,994.0,76.0
OPENJPA,9,88.63016367887764,RandomForest,BestFirst(Bi-directional),OverSampling,None,0.22666666666666666,0.33663366336633666,0.6782317537569892,0.18679674202355534,34.0,116.0,950.0,67.0
OPENJPA,9,88.63016367887764,NaiveBayes,BestFirst(Bi-directional),OverSampling,None,0.45161290322580644,0.4158415841584158,0.7501950476473539,0.3816831397029071,42.0,51.0,1015.0,59.0
OPENJPA,9,88.63016367887764,IBk,BestFirst(Bi-directional),OverSampling,None,0.21476510067114093,0.31683168316831684,0.7227026173536678,0.17041719535872077,32.0,117.0,949.0,69.0
OPENJPA,9,88.63016367887764,RandomForest,BestFirst(Bi-directional),UnderSampling,None,0.18950437317784258,0.6435643564356436,0.7568498876154032,0.18362882133038685,65.0,278.0,788.0,36.0
OPENJPA,9,88.63016367887764,NaiveBayes,BestFirst(Bi-directional),UnderSampling,None,0.42990654205607476,0.45544554455445546,0.7379024018724574,0.3877949729108821,46.0,61.0,1005.0,55.0
OPENJPA,9,88.63016367887764,IBk,BestFirst(Bi-directional),UnderSampling,None,0.17615176151761516,0.6435643564356436,0.7095276131740754,0.1628266153534535,65.0,304.0,762.0,36.0
OPENJPA,9,88.63016367887764,RandomForest,BestFirst(Bi-directional),SMOTE,None,0.34328358208955223,0.22772277227722773,0.6864469749038694,0.21996252506547134,23.0,44.0,1022.0,78.0
OPENJPA,9,88.63016367887764,NaiveBayes,BestFirst(Bi-directional),SMOTE,None,0.449438202247191,0.39603960396039606,0.752758531012576,0.36996937453374673,40.0,49.0,1017.0,61.0
OPENJPA,9,88.63016367887764,IBk,BestFirst(Bi-directional),SMOTE,None,0.32857142857142857,0.22772277227722773,0.7130245388516337,0.21325984133062184,23.0,47.0,1019.0,78.0
OPENJPA,9,88.63016367887764,RandomForest,BestFirst(Bi-directional),None,SensitiveLearning,0.2627118644067797,0.3069306930693069,0.6956699422287445,0.20936665271406768,31.0,87.0,979.0,70.0
OPENJPA,9,88.63016367887764,NaiveBayes,BestFirst(Bi-directional),None,SensitiveLearning,0.4578313253012048,0.37623762376237624,0.7525820593316367,0.3633323567149249,38.0,45.0,1021.0,63.0
OPENJPA,9,88.63016367887764,IBk,BestFirst(Bi-directional),None,SensitiveLearning,0.24299065420560748,0.25742574257425743,0.7122443482622184,0.1766897911560135,26.0,81.0,985.0,75.0
OPENJPA,10,89.60279353993889,RandomForest,None,None,None,0.5,0.0975609756097561,0.7230748150178131,0.1340639463744211,12.0,12.0,1056.0,111.0
OPENJPA,10,89.60279353993889,NaiveBayes,None,None,None,0.6923076923076923,0.14634146341463414,0.756207941292896,0.21325476578804262,18.0,8.0,1060.0,105.0
OPENJPA,10,89.60279353993889,IBk,None,None,None,0.4375,0.17073170731707318,0.7067651715843001,0.1991837500586392,21.0,27.0,1041.0,102.0
OPENJPA,10,89.60279353993889,RandomForest,BestFirst(Bi-directional),None,None,0.5,0.17073170731707318,0.6642421059042051,0.2131773577609128,21.0,21.0,1047.0,102.0
OPENJPA,10,89.60279353993889,NaiveBayes,BestFirst(Bi-directional),None,None,0.6511627906976745,0.22764227642276422,0.7577837154776043,0.2998909837116842,28.0,15.0,1053.0,95.0
OPENJPA,10,89.60279353993889,IBk,BestFirst(Bi-directional),None,None,0.4791666666666667,0.18699186991869918,0.71798590176913,0.22401526168472732,23.0,25.0,1043.0,100.0
OPENJPA,10,89.60279353993889,RandomForest,None,OverSampling,None,0.25925925925925924,0.2845528455284553,0.6910454919155933,0.18302027234117058,35.0,100.0,968.0,88.0
OPENJPA,10,89.60279353993889,NaiveBayes,None,OverSampling,None,0.6551724137931034,0.15447154471544716,0.7577722968240919,0.21923196356484834,19.0,10.0,1058.0,104.0
OPENJPA,10,89.60279353993889,IBk,None,OverSampling,None,0.24342105263157895,0.3008130081300813,0.7137609999695502,0.1748922046096102,37.0,115.0,953.0,86.0
OPENJPA,10,89.60279353993889,RandomForest,None,UnderSampling,None,0.2693726937269373,0.5934959349593496,0.7386955330227459,0.26632686518227056,73.0,198.0,870.0,50.0
OPENJPA,10,89.60279353993889,NaiveBayes,None,UnderSampling,None,0.6571428571428571,0.18699186991869918,0.7722245059529247,0.2571504945201818,23.0,12.0,1056.0,100.0
OPENJPA,10,89.60279353993889,IBk,None,UnderSampling,None,0.24315068493150685,0.5772357723577236,0.7145869492402789,0.23030871167735475,71.0,221.0,847.0,52.0
OPENJPA,10,89.60279353993889,RandomForest,None,SMOTE,None,0.33695652173913043,0.25203252032520324,0.7159762187509515,0.2193777229440565,31.0,61.0,1007.0,92.0
OPENJPA,10,89.60279353993889,NaiveBayes,None,SMOTE,None,0.6451612903225806,0.16260162601626016,0.7587733321153436,0.22762645914396903,20.0,11.0,1057.0,103.0
OPENJPA,10,89.60279353993889,IBk,None,SMOTE,None,0.2962962962962963,0.2601626016260163,0.7157706829877287,0.19978032854159875,32.0,76.0,992.0,91.0
OPENJPA,10,89.60279353993889,RandomForest,None,None,SensitiveLearning,0.31,0.25203252032520324,0.7014288541761822,0.20432958633653273,31.0,69.0,999.0,92.0
OPENJPA,10,89.60279353993889,NaiveBayes,None,None,SensitiveLearning,0.6333333333333333,0.15447154471544716,0.7562117475107335,0.21664007137832236,19.0,11.0,1057.0,104.0
OPENJPA,10,89.60279353993889,IBk,None,None,SensitiveLearning,0.2903225806451613,0.21951219512195122,0.7067080783167382,0.1767913370708855,27.0,66.0,1002.0,96.0
OPENJPA,10,89.60279353993889,RandomForest,BestFirst(Bi-directional),OverSampling,None,0.25925925925925924,0.2845528455284553,0.6405864620443957,0.18302027234117058,35.0,100.0,968.0,88.0
OPENJPA,10,89.60279353993889,NaiveBayes,BestFirst(Bi-directional),OverSampling,None,0.5061728395061729,0.3333333333333333,0.7561622666788466,0.34853253705646586,41.0,40.0,1028.0,82.0
OPENJPA,10,89.60279353993889,IBk,BestFirst(Bi-directional),OverSampling,None,0.2553191489361702,0.2926829268292683,0.7197557930635486,0.18254938549642835,36.0,105.0,963.0,87.0
OPENJPA,10,89.60279353993889,RandomForest,BestFirst(Bi-directional),UnderSampling,None,0.24615384615384617,0.5203252032520326,0.7564134770561188,0.2256236087844503,64.0,196.0,872.0,59.0
OPENJPA,10,89.60279353993889,NaiveBayes,BestFirst(Bi-directional),UnderSampling,None,0.5405405405405406,0.3252032520325203,0.7507498249139795,0.3561359005281327,40.0,34.0,1034.0,83.0
OPENJPA,10,89.60279353993889,IBk,BestFirst(Bi-directional),UnderSampling,None,0.22364217252396165,0.5691056910569106,0.7238893456350294,0.20290857786279232,70.0,243.0,825.0,53.0
OPENJPA,10,89.60279353993889,RandomForest,BestFirst(Bi-directional),SMOTE,None,0.3253012048192771,0.21951219512195122,0.6475404220334339,0.19515578318395244,27.0,56.0,1012.0,96.0
OPENJPA,10,89.60279353993889,NaiveBayes,BestFirst(Bi-directional),SMOTE,None,0.5128205128205128,0.3252032520325203,0.7586781766694072,0.3455538752878025,40.0,38.0,1030.0,83.0
OPENJPA,10,89.60279353993889,IBk,BestFirst(Bi-directional),SMOTE,None,0.3,0.21951219512195122,0.7153291617185835,0.18214327360360708,27.0,63.0,1005.0,96.0
OPENJPA,10,89.60279353993889,RandomForest,BestFirst(Bi-directional),None,SensitiveLearning,0.3047619047619048,0.2601626016260163,0.6612047440699126,0.20508876028618153,32.0,73.0,995.0,91.0
OPENJPA,10,89.60279353993889,NaiveBayes,BestFirst(Bi-directional),None,SensitiveLearning,0.49333333333333335,0.3008130081300813,0.7577837154776043,0.32058076625814297,37.0,38.0,1030.0,86.0
OPENJPA,10,89.60279353993889,IBk,BestFirst(Bi-directional),None,SensitiveLearning,0.2912621359223301,0.24390243902439024,0.7179592582442679,0.18915793100054157,30.0,73.0,995.0,93.0
OPENJPA,11,90.21816177049696,RandomForest,None,None,None,0.5769230769230769,0.125,0.7135138146167558,0.17716400520869086,15.0,11.0,1111.0,105.0
OPENJPA,11,90.21816177049696,NaiveBayes,None,None,None,0.358695652173913,0.275,0.6733103089720737,0.2482837528604119,33.0,59.0,1063.0,87.0
OPENJPA,11,90.21816177049696,IBk,None,None,None,0.3488372093023256,0.125,0.6459781639928699,0.14022048030979653,15.0,28.0,1094.0,105.0
OPENJPA,11,90.21816177049696,RandomForest,BestFirst(Bi-directional),None,None,0.30434782608695654,0.11666666666666667,0.6757241532976828,0.12164073550212104,14.0,32.0,1090.0,106.0
OPENJPA,11,90.21816177049696,NaiveBayes,BestFirst(Bi-directional),None,None,0.22839506172839505,0.30833333333333335,0.6885843731431966,0.17030870620881056,37.0,125.0,997.0,83.0
OPENJPA,11,90.21816177049696,IBk,BestFirst(Bi-directional),None,None,0.27692307692307694,0.15,0.6558786393345217,0.13592940187701388,18.0,47.0,1075.0,102.0
OPENJPA,11,90.21816177049696,RandomForest,None,OverSampling,None,0.3228346456692913,0.3416666666666667,0.7201277480689245,0.2582900823036329,41.0,86.0,1036.0,79.0
OPENJPA,11,90.21816177049696,NaiveBayes,None,OverSampling,None,0.38271604938271603,0.25833333333333336,0.6696375519904931,0.25005864414731377,31.0,50.0,1072.0,89.0
OPENJPA,11,90.21816177049696,IBk,None,OverSampling,None,0.25210084033613445,0.25,0.6736742424242425,0.17131483013888593,30.0,89.0,1033.0,90.0
OPENJPA,11,90.21816177049696,RandomForest,None,UnderSampling,None,0.24471299093655588,0.675,0.767550505050505,0.2533045421071681,81.0,250.0,872.0,39.0
OPENJPA,11,90.21816177049696,NaiveBayes,None,UnderSampling,None,0.3956043956043956,0.3,0.6497734699940583,0.28133976072133227,36.0,55.0,1067.0,84.0
OPENJPA,11,90.21816177049696,IBk,None,UnderSampling,None,0.1988472622478386,0.575,0.6942142008318479,0.1773907161579437,69.0,278.0,844.0,51.0
OPENJPA,11,90.21816177049696,RandomForest,None,SMOTE,None,0.3448275862068966,0.25,0.7154634581105169,0.22708222205288459,30.0,57.0,1065.0,90.0
OPENJPA,11,90.21816177049696,NaiveBayes,None,SMOTE,None,0.3017241379310345,0.2916666666666667,0.6591206179441473,0.2227901927078621,35.0,81.0,1041.0,85.0
OPENJPA,11,90.21816177049696,IBk,None,SMOTE,None,0.26373626373626374,0.2,0.6603386809269162,0.15725453955091506,24.0,67.0,1055.0,96.0
OPENJPA,11,90.21816177049696,RandomForest,None,None,SensitiveLearning,0.37373737373737376,0.30833333333333335,0.7215277777777778,0.27452686534696547,37.0,62.0,1060.0,83.0
OPENJPA,11,90.21816177049696,NaiveBayes,None,None,SensitiveLearning,0.3469387755102041,0.2833333333333333,0.6733103089720737,0.24646896083094696,34.0,64.0,1058.0,86.0
OPENJPA,11,90.21816177049696,IBk,None,None,SensitiveLearning,0.2537313432835821,0.14166666666666666,0.6459521687462864,0.12095811707235839,17.0,50.0,1072.0,103.0
OPENJPA,11,90.21816177049696,RandomForest,BestFirst(Bi-directional),OverSampling,None,0.21428571428571427,0.275,0.6527554961378491,0.14838403417856752,33.0,121.0,1001.0,87.0
OPENJPA,11,90.21816177049696,NaiveBayes,BestFirst(Bi-directional),OverSampling,None,0.1695906432748538,0.48333333333333334,0.684350861556744,0.12607072260048321,58.0,284.0,838.0,62.0
OPENJPA,11,90.21816177049696,IBk,BestFirst(Bi-directional),OverSampling,None,0.19135802469135801,0.25833333333333336,0.6650958110516934,0.12244190079778017,31.0,131.0,991.0,89.0
OPENJPA,11,90.21816177049696,RandomForest,BestFirst(Bi-directional),UnderSampling,None,0.2191780821917808,0.6666666666666666,0.7472779263220439,0.21586339530275644,80.0,285.0,837.0,40.0
OPENJPA,11,90.21816177049696,NaiveBayes,BestFirst(Bi-directional),UnderSampling,None,0.16569767441860464,0.475,0.6860516934046346,0.1195557067859225,57.0,287.0,835.0,63.0
OPENJPA,11,90.21816177049696,IBk,BestFirst(Bi-directional),UnderSampling,None,0.1968503937007874,0.625,0.7030785799168152,0.1787107056868662,75.0,306.0,816.0,45.0
OPENJPA,11,90.21816177049696,RandomForest,BestFirst(Bi-directional),SMOTE,None,0.2125,0.14166666666666666,0.6576277480689245,0.10047120418848154,17.0,63.0,1059.0,103.0
OPENJPA,11,90.21816177049696,NaiveBayes,BestFirst(Bi-directional),SMOTE,None,0.16374269005847952,0.4666666666666667,0.6674613784907902,0.11596749396002633,56.0,286.0,836.0,64.0
OPENJPA,11,90.21816177049696,IBk,BestFirst(Bi-directional),SMOTE,None,0.23655913978494625,0.18333333333333332,0.6589015151515152,0.13346213866389237,22.0,71.0,1051.0,98.0
OPENJPA,11,90.21816177049696,RandomForest,BestFirst(Bi-directional),None,SensitiveLearning,0.23076923076923078,0.225,0.6775178253119429,0.1464206043398907,27.0,90.0,1032.0,93.0
OPENJPA,11,90.21816177049696,NaiveBayes,BestFirst(Bi-directional),None,SensitiveLearning,0.16119402985074627,0.45,0.6885843731431966,0.1108621650058798,54.0,281.0,841.0,66.0
OPENJPA,11,90.21816177049696,IBk,BestFirst(Bi-directional),None,SensitiveLearning,0.2,0.175,0.6558823529411765,0.10605309734513273,21.0,84.0,1038.0,99.0
OPENJPA,12,90.75768406004289,RandomForest,None,None,None,0.5,0.1,0.7739798662875585,0.1423454497214116,11.0,11.0,1172.0,99.0
OPENJPA,12,90.75768406004289,NaiveBayes,None,None,None,0.48333333333333334,0.2636363636363636,0.7750787673864596,0.2990852330477717,29.0,31.0,1152.0,81.0
OPENJPA,12,90.75768406004289,IBk,None,None,None,0.2777777777777778,0.13636363636363635,0.6966917697686928,0.13443438642767264,15.0,39.0,1144.0,95.0
OPENJPA,12,90.75768406004289,RandomForest,BestFirst(Bi-directional),None,None,0.4166666666666667,0.09090909090909091,0.7321563052332283,0.12251312640640066,10.0,14.0,1169.0,100.0
OPENJPA,12,90.75768406004289,NaiveBayes,BestFirst(Bi-directional),None,None,0.6296296296296297,0.3090909090909091,0.7482210097594713,0.37989329176907866,34.0,20.0,1163.0,76.0
OPENJPA,12,90.75768406004289,IBk,BestFirst(Bi-directional),None,None,0.375,0.13636363636363635,0.6896833935295473,0.16197677558736195,15.0,25.0,1158.0,95.0
OPENJPA,12,90.75768406004289,RandomForest,None,OverSampling,None,0.3,0.38181818181818183,0.7408322446783985,0.26606941357497016,42.0,98.0,1085.0,68.0
OPENJPA,12,90.75768406004289,NaiveBayes,None,OverSampling,None,0.4794520547945205,0.3181818181818182,0.7753016214554677,0.3375514034793412,35.0,38.0,1145.0,75.0
OPENJPA,12,90.75768406004289,IBk,None,OverSampling,None,0.24285714285714285,0.3090909090909091,0.7185852608929532,0.1953291160882205,34.0,106.0,1077.0,76.0
OPENJPA,12,90.75768406004289,RandomForest,None,UnderSampling,None,0.2523076923076923,0.7454545454545455,0.8159263813109967,0.286282856880977,82.0,243.0,940.0,28.0
OPENJPA,12,90.75768406004289,NaiveBayes,None,UnderSampling,None,0.4626865671641791,0.2818181818181818,0.771159609621148,0.3055562042022967,31.0,36.0,1147.0,79.0
OPENJPA,12,90.75768406004289,IBk,None,UnderSampling,None,0.20408163265306123,0.6363636363636364,0.7573119188503804,0.2068712776986254,70.0,273.0,910.0,40.0
OPENJPA,12,90.75768406004289,RandomForest,None,SMOTE,None,0.2830188679245283,0.2727272727272727,0.7809421347882887,0.21197962245280652,30.0,76.0,1107.0,80.0
OPENJPA,12,90.75768406004289,NaiveBayes,None,SMOTE,None,0.46835443037974683,0.33636363636363636,0.7770421885806501,0.3449472900522911,37.0,42.0,1141.0,73.0
OPENJPA,12,90.75768406004289,IBk,None,SMOTE,None,0.24369747899159663,0.2636363636363636,0.718708214862061,0.18084818666478958,29.0,90.0,1093.0,81.0
OPENJPA,12,90.75768406004289,RandomForest,None,None,SensitiveLearning,0.336734693877551,0.3,0.7719664950434181,0.2578097209197039,33.0,65.0,1118.0,77.0
OPENJPA,12,90.75768406004289,NaiveBayes,None,None,SensitiveLearning,0.4852941176470588,0.3,0.775136402059479,0.3270444343243772,33.0,35.0,1148.0,77.0
OPENJPA,12,90.75768406004289,IBk,None,None,SensitiveLearning,0.2247191011235955,0.18181818181818182,0.6967225082609698,0.13519709582840825,20.0,69.0,1114.0,90.0
OPENJPA,12,90.75768406004289,RandomForest,BestFirst(Bi-directional),OverSampling,None,0.19626168224299065,0.19090909090909092,0.6946707139014832,0.11969296726981316,21.0,86.0,1097.0,89.0
OPENJPA,12,90.75768406004289,NaiveBayes,BestFirst(Bi-directional),OverSampling,None,0.547945205479452,0.36363636363636365,0.7574195035733498,0.39617517308293965,40.0,33.0,1150.0,70.0
OPENJPA,12,90.75768406004289,IBk,BestFirst(Bi-directional),OverSampling,None,0.23529411764705882,0.2545454545454545,0.6928340889879352,0.1712674637018046,28.0,91.0,1092.0,82.0
OPENJPA,12,90.75768406004289,RandomForest,BestFirst(Bi-directional),UnderSampling,None,0.23624595469255663,0.6636363636363637,0.7917082917082917,0.2549626730999375,73.0,236.0,947.0,37.0
OPENJPA,12,90.75768406004289,NaiveBayes,BestFirst(Bi-directional),UnderSampling,None,0.5466666666666666,0.37272727272727274,0.737769922385307,0.401993668754631,41.0,34.0,1149.0,69.0
OPENJPA,12,90.75768406004289,IBk,BestFirst(Bi-directional),UnderSampling,None,0.19883040935672514,0.6181818181818182,0.7290670867593945,0.19758207055829194,68.0,274.0,909.0,42.0
OPENJPA,12,90.75768406004289,RandomForest,BestFirst(Bi-directional),SMOTE,None,0.2717391304347826,0.22727272727272727,0.7350380388841927,0.18431515775318916,25.0,67.0,1116.0,85.0
OPENJPA,12,90.75768406004289,NaiveBayes,BestFirst(Bi-directional),SMOTE,None,0.45263157894736844,0.39090909090909093,0.7453969107815261,0.3698236848033091,43.0,52.0,1131.0,67.0
OPENJPA,12,90.75768406004289,IBk,BestFirst(Bi-directional),SMOTE,None,0.26495726495726496,0.2818181818181818,0.7101667563206024,0.2032557670546848,31.0,86.0,1097.0,79.0
OPENJPA,12,90.75768406004289,RandomForest,BestFirst(Bi-directional),None,SensitiveLearning,0.3,0.24545454545454545,0.7050219011757474,0.209472361809045,27.0,63.0,1120.0,83.0
OPENJPA,12,90.75768406004289,NaiveBayes,BestFirst(Bi-directional),None,SensitiveLearning,0.5714285714285714,0.36363636363636365,0.7482210097594713,0.4050795987853131,40.0,30.0,1153.0,70.0
OPENJPA,12,90.75768406004289,IBk,BestFirst(Bi-directional),None,SensitiveLearning,0.24390243902439024,0.18181818181818182,0.6896718665949435,0.1462973902769573,20.0,62.0,1121.0,90.0
OPENJPA,13,91.41400940930475,RandomForest,None,None,None,0.30303030303030304,0.10869565217391304,0.7738160890912972,0.12775480787467264,10.0,23.0,1199.0,82.0
OPENJPA,13,91.41400940930475,NaiveBayes,None,None,None,0.43137254901960786,0.2391304347826087,0.7819860528001139,0.2713003730716232,22.0,29.0,1193.0,70.0
OPENJPA,13,91.41400940930475,IBk,None,None,None,0.45161290322580644,0.30434782608695654,0.7126325339785099,0.3256174455872802,28.0,34.0,1188.0,64.0
OPENJPA,13,91.41400940930475,RandomForest,BestFirst(Bi-directional),None,None,0.4318181818181818,0.20652173913043478,0.7019897886572262,0.24521710588014556,19.0,25.0,1197.0,73.0
OPENJPA,13,91.41400940930475,NaiveBayes,BestFirst(Bi-directional),None,None,0.4852941176470588,0.358695652173913,0.7888973884579805,0.3753236769703834,33.0,35.0,1187.0,59.0
OPENJPA,13,91.41400940930475,IBk,BestFirst(Bi-directional),None,None,0.4074074074074074,0.2391304347826087,0.6883450152992243,0.263209974272709,22.0,32.0,1190.0,70.0
OPENJPA,13,91.41400940930475,RandomForest,None,OverSampling,None,0.1871345029239766,0.34782608695652173,0.7127303778552623,0.1675548679158791,32.0,139.0,1083.0,60.0
OPENJPA,13,91.41400940930475,NaiveBayes,None,OverSampling,None,0.423728813559322,0.2717391304347826,0.7820305272895467,0.29241088090084116,25.0,34.0,1188.0,67.0
OPENJPA,13,91.41400940930475,IBk,None,OverSampling,None,0.21195652173913043,0.42391304347826086,0.7280429445669964,0.20874187975961642,39.0,145.0,1077.0,53.0
OPENJPA,13,91.41400940930475,RandomForest,None,UnderSampling,None,0.17010309278350516,0.717391304347826,0.7636358784601153,0.18246181131643682,66.0,322.0,900.0,26.0
OPENJPA,13,91.41400940930475,NaiveBayes,None,UnderSampling,None,0.4067796610169492,0.2608695652173913,0.7796466946559454,0.27839921517610583,24.0,35.0,1187.0,68.0
OPENJPA,13,91.41400940930475,IBk,None,UnderSampling,None,0.15167095115681234,0.6413043478260869,0.7074023340212054,0.14894247204964517,59.0,330.0,892.0,33.0
OPENJPA,13,91.41400940930475,RandomForest,None,SMOTE,None,0.3008849557522124,0.3695652173913043,0.7532199530349392,0.27580880045699946,34.0,79.0,1143.0,58.0
OPENJPA,13,91.41400940930475,NaiveBayes,None,SMOTE,None,0.4126984126984127,0.2826086956521739,0.7817948124955526,0.29538000187423863,26.0,37.0,1185.0,66.0
OPENJPA,13,91.41400940930475,IBk,None,SMOTE,None,0.3,0.391304347826087,0.722145627268199,0.2827734630859926,36.0,84.0,1138.0,56.0
OPENJPA,13,91.41400940930475,RandomForest,None,None,SensitiveLearning,0.27184466019417475,0.30434782608695654,0.74403152351811,0.23024469188041044,28.0,75.0,1147.0,64.0
OPENJPA,13,91.41400940930475,NaiveBayes,None,None,SensitiveLearning,0.43859649122807015,0.2717391304347826,0.78203497473849,0.2979632807693554,25.0,32.0,1190.0,67.0
OPENJPA,13,91.41400940930475,IBk,None,None,SensitiveLearning,0.3263157894736842,0.33695652173913043,0.7126414288763965,0.280356470000613,31.0,64.0,1158.0,61.0
OPENJPA,13,91.41400940930475,RandomForest,BestFirst(Bi-directional),OverSampling,None,0.18497109826589594,0.34782608695652173,0.6903241300789867,0.16519479862695857,32.0,141.0,1081.0,60.0
OPENJPA,13,91.41400940930475,NaiveBayes,BestFirst(Bi-directional),OverSampling,None,0.3671875,0.5108695652173914,0.7870205650039137,0.3764725377361328,47.0,81.0,1141.0,45.0
OPENJPA,13,91.41400940930475,IBk,BestFirst(Bi-directional),OverSampling,None,0.1853932584269663,0.358695652173913,0.7018519177399843,0.1676003328903079,33.0,145.0,1077.0,59.0
OPENJPA,13,91.41400940930475,RandomForest,BestFirst(Bi-directional),UnderSampling,None,0.1787709497206704,0.6956521739130435,0.7817948124955526,0.194736481496989,64.0,294.0,928.0,28.0
OPENJPA,13,91.41400940930475,NaiveBayes,BestFirst(Bi-directional),UnderSampling,None,0.39473684210526316,0.4891304347826087,0.7889196257026969,0.3895910423374504,45.0,69.0,1153.0,47.0
OPENJPA,13,91.41400940930475,IBk,BestFirst(Bi-directional),UnderSampling,None,0.17142857142857143,0.717391304347826,0.77199263502455,0.18456734384050022,66.0,319.0,903.0,26.0
OPENJPA,13,91.41400940930475,RandomForest,BestFirst(Bi-directional),SMOTE,None,0.30337078651685395,0.29347826086956524,0.6817939230057639,0.24645756757489007,27.0,62.0,1160.0,65.0
OPENJPA,13,91.41400940930475,NaiveBayes,BestFirst(Bi-directional),SMOTE,None,0.3700787401574803,0.5108695652173914,0.7894088450864584,0.37877744914863204,47.0,80.0,1142.0,45.0
OPENJPA,13,91.41400940930475,IBk,BestFirst(Bi-directional),SMOTE,None,0.26595744680851063,0.2717391304347826,0.6835595602362485,0.2131320781302291,25.0,69.0,1153.0,67.0
OPENJPA,13,91.41400940930475,RandomForest,BestFirst(Bi-directional),None,SensitiveLearning,0.2421875,0.33695652173913043,0.7005087881591119,0.2181163568437222,31.0,97.0,1125.0,61.0
OPENJPA,13,91.41400940930475,NaiveBayes,BestFirst(Bi-directional),None,SensitiveLearning,0.4215686274509804,0.4673913043478261,0.7888973884579805,0.39905483002185055,43.0,59.0,1163.0,49.0
OPENJPA,13,91.41400940930475,IBk,BestFirst(Bi-directional),None,SensitiveLearning,0.22033898305084745,0.2826086956521739,0.6883539101971109,0.18336296552700698,26.0,92.0,1130.0,66.0
OPENJPA,14,92.16501053899428,RandomForest,None,None,None,0.4883720930232558,0.17647058823529413,0.6390998023574912,0.2214553578552618,21.0,22.0,1160.0,98.0
OPENJPA,14,92.16501053899428,NaiveBayes,None,None,None,0.7777777777777778,0.11764705882352941,0.7124941347097214,0.18478554552091642,14.0,4.0,1178.0,105.0
OPENJPA,14,92.16501053899428,IBk,None,None,None,0.5,0.23529411764705882,0.6840883561546446,0.27771790601221397,28.0,28.0,1154.0,91.0
OPENJPA,14,92.16501053899428,RandomForest,BestFirst(Bi-directional),None,None,0.475,0.15966386554621848,0.641812054771147,0.20228135340708114,19.0,21.0,1161.0,100.0
OPENJPA,14,92.16501053899428,NaiveBayes,BestFirst(Bi-directional),None,None,0.6944444444444444,0.21008403361344538,0.7125439008090546,0.2925209879484376,25.0,11.0,1171.0,94.0
OPENJPA,14,92.16501053899428,IBk,BestFirst(Bi-directional),None,None,0.4897959183673469,0.20168067226890757,0.6731362595799741,0.2454544575797705,24.0,25.0,1157.0,95.0
OPENJPA,14,92.16501053899428,RandomForest,None,OverSampling,None,0.23809523809523808,0.33613445378151263,0.6240277837023134,0.19224782020557699,40.0,128.0,1054.0,79.0
OPENJPA,14,92.16501053899428,NaiveBayes,None,OverSampling,None,0.7777777777777778,0.11764705882352941,0.7150499793826159,0.18478554552091642,14.0,4.0,1178.0,105.0
OPENJPA,14,92.16501053899428,IBk,None,OverSampling,None,0.24705882352941178,0.35294117647058826,0.688720158114007,0.20512086883697114,42.0,128.0,1054.0,77.0
OPENJPA,14,92.16501053899428,RandomForest,None,UnderSampling,None,0.22340425531914893,0.5294117647058824,0.7255755093915739,0.21296347217792042,63.0,219.0,963.0,56.0
OPENJPA,14,92.16501053899428,NaiveBayes,None,UnderSampling,None,0.7894736842105263,0.12605042016806722,0.7115272504941063,0.1971705444073682,15.0,4.0,1178.0,104.0
OPENJPA,14,92.16501053899428,IBk,None,UnderSampling,None,0.2113564668769716,0.5630252100840336,0.7184482930227929,0.2010776957644522,67.0,250.0,932.0,52.0
OPENJPA,14,92.16501053899428,RandomForest,None,SMOTE,None,0.3360655737704918,0.3445378151260504,0.6578829501343685,0.27291611746718003,41.0,81.0,1101.0,78.0
OPENJPA,14,92.16501053899428,NaiveBayes,None,SMOTE,None,0.7391304347826086,0.14285714285714285,0.7135783247309075,0.21621259789811842,17.0,6.0,1176.0,102.0
OPENJPA,14,92.16501053899428,IBk,None,SMOTE,None,0.328,0.3445378151260504,0.6949231469237441,0.26740912219232943,41.0,84.0,1098.0,78.0
OPENJPA,14,92.16501053899428,RandomForest,None,None,SensitiveLearning,0.2805755395683453,0.3277310924369748,0.6378236573817344,0.22604568769499186,39.0,100.0,1082.0,80.0
OPENJPA,14,92.16501053899428,NaiveBayes,None,None,SensitiveLearning,0.7619047619047619,0.13445378151260504,0.7124941347097214,0.20680583938309335,16.0,5.0,1177.0,103.0
OPENJPA,14,92.16501053899428,IBk,None,None,SensitiveLearning,0.2773722627737226,0.31932773109243695,0.6841736694677871,0.22056914628057875,38.0,99.0,1083.0,81.0
OPENJPA,14,92.16501053899428,RandomForest,BestFirst(Bi-directional),OverSampling,None,0.22459893048128343,0.35294117647058826,0.6249804490324048,0.18319570135746568,42.0,145.0,1037.0,77.0
OPENJPA,14,92.16501053899428,NaiveBayes,BestFirst(Bi-directional),OverSampling,None,0.5285714285714286,0.31092436974789917,0.7135321133529554,0.3473120765697183,37.0,33.0,1149.0,82.0
OPENJPA,14,92.16501053899428,IBk,BestFirst(Bi-directional),OverSampling,None,0.23529411764705882,0.3697478991596639,0.6895377440316228,0.1979128959276014,44.0,143.0,1039.0,75.0
OPENJPA,14,92.16501053899428,RandomForest,BestFirst(Bi-directional),UnderSampling,None,0.24175824175824176,0.5546218487394958,0.7110509178290606,0.23989591432256646,66.0,207.0,975.0,53.0
OPENJPA,14,92.16501053899428,NaiveBayes,BestFirst(Bi-directional),UnderSampling,None,0.5285714285714286,0.31092436974789917,0.7133543772839085,0.3473120765697183,37.0,33.0,1149.0,82.0
OPENJPA,14,92.16501053899428,IBk,BestFirst(Bi-directional),UnderSampling,None,0.21766561514195584,0.5798319327731093,0.7059356737618906,0.21165944813843293,69.0,248.0,934.0,50.0
OPENJPA,14,92.16501053899428,RandomForest,BestFirst(Bi-directional),SMOTE,None,0.3137254901960784,0.2689075630252101,0.635545080976553,0.22408022944405423,32.0,70.0,1112.0,87.0
OPENJPA,14,92.16501053899428,NaiveBayes,BestFirst(Bi-directional),SMOTE,None,0.5217391304347826,0.3025210084033613,0.712924255996815,0.3385692872733009,36.0,33.0,1149.0,83.0
OPENJPA,14,92.16501053899428,IBk,BestFirst(Bi-directional),SMOTE,None,0.3148148148148148,0.2857142857142857,0.6791721764848071,0.2327842951083549,34.0,74.0,1108.0,85.0
OPENJPA,14,92.16501053899428,RandomForest,BestFirst(Bi-directional),None,SensitiveLearning,0.3049645390070922,0.36134453781512604,0.6448939982084204,0.2570642791973802,43.0,98.0,1084.0,76.0
OPENJPA,14,92.16501053899428,NaiveBayes,BestFirst(Bi-directional),None,SensitiveLearning,0.5161290322580645,0.2689075630252101,0.7125439008090546,0.31037716615698235,32.0,30.0,1152.0,87.0
OPENJPA,14,92.16501053899428,IBk,BestFirst(Bi-directional),None,SensitiveLearning,0.2556390977443609,0.2857142857142857,0.6732215728931167,0.19181088326052156,34.0,99.0,1083.0,85.0
OPENJPA,15,92.72392226937681,RandomForest,None,None,None,0.5384615384615384,0.05785123966942149,0.6416810001258547,0.08804591265397581,7.0,6.0,1176.0,114.0
OPENJPA,15,92.72392226937681,NaiveBayes,None,None,None,0.7857142857142857,0.09090909090909091,0.7115059221658206,0.14652469032037418,11.0,3.0,1179.0,110.0
OPENJPA,15,92.72392226937681,IBk,None,None,None,0.5625,0.0743801652892562,0.6356189956789865,0.11212844782666007,9.0,7.0,1175.0,112.0
OPENJPA,15,92.72392226937681,RandomForest,BestFirst(Bi-directional),None,None,0.5625,0.0743801652892562,0.6184538043098264,0.11212844782666007,9.0,7.0,1175.0,112.0
OPENJPA,15,92.72392226937681,NaiveBayes,BestFirst(Bi-directional),None,None,0.7027027027027027,0.21487603305785125,0.7123519458544839,0.29860857200893787,26.0,11.0,1171.0,95.0
OPENJPA,15,92.72392226937681,IBk,BestFirst(Bi-directional),None,None,0.5263157894736842,0.08264462809917356,0.640572779013019,0.12069372743530053,10.0,9.0,1173.0,111.0
OPENJPA,15,92.72392226937681,RandomForest,None,OverSampling,None,0.19014084507042253,0.2231404958677686,0.5919823523653703,0.11675342576826392,27.0,115.0,1067.0,94.0
OPENJPA,15,92.72392226937681,NaiveBayes,None,OverSampling,None,0.75,0.09917355371900827,0.7121247080868678,0.15689508070934885,12.0,4.0,1178.0,109.0
OPENJPA,15,92.72392226937681,IBk,None,OverSampling,None,0.19014084507042253,0.2231404958677686,0.6403944847645817,0.11675342576826392,27.0,115.0,1067.0,94.0
OPENJPA,15,92.72392226937681,RandomForest,None,UnderSampling,None,0.22340425531914893,0.5206611570247934,0.7201164855756457,0.2099832554474518,63.0,219.0,963.0,58.0
OPENJPA,15,92.72392226937681,NaiveBayes,None,UnderSampling,None,0.7692307692307693,0.08264462809917356,0.7114185230244298,0.13364361702127744,10.0,3.0,1179.0,111.0
OPENJPA,15,92.72392226937681,IBk,None,UnderSampling,None,0.2070063694267516,0.5371900826446281,0.7074820656961865,0.19029903202211818,65.0,249.0,933.0,56.0
OPENJPA,15,92.72392226937681,RandomForest,None,SMOTE,None,0.21739130434782608,0.12396694214876033,0.6419187257904378,0.0969888076509925,15.0,54.0,1128.0,106.0
OPENJPA,15,92.72392226937681,NaiveBayes,None,SMOTE,None,0.7222222222222222,0.10743801652892562,0.7113520996769728,0.16701647987961118,13.0,5.0,1177.0,108.0
OPENJPA,15,92.72392226937681,IBk,None,SMOTE,None,0.2465753424657534,0.1487603305785124,0.6365454265777293,0.12437265009612272,18.0,55.0,1127.0,103.0
OPENJPA,15,92.72392226937681,RandomForest,None,None,SensitiveLearning,0.27722772277227725,0.23140495867768596,0.6436562207212876,0.18323867927378207,28.0,73.0,1109.0,93.0
OPENJPA,15,92.72392226937681,NaiveBayes,None,None,SensitiveLearning,0.7647058823529411,0.10743801652892562,0.7115059221658206,0.16940239043824704,13.0,4.0,1178.0,108.0
OPENJPA,15,92.72392226937681,IBk,None,None,SensitiveLearning,0.21839080459770116,0.15702479338842976,0.6355840360224301,0.11385366243949295,19.0,68.0,1114.0,102.0
OPENJPA,15,92.72392226937681,RandomForest,BestFirst(Bi-directional),OverSampling,None,0.19548872180451127,0.21487603305785125,0.5913530785473563,0.11905240046054567,26.0,107.0,1075.0,95.0
OPENJPA,15,92.72392226937681,NaiveBayes,BestFirst(Bi-directional),OverSampling,None,0.5072463768115942,0.2892561983471074,0.712512760274643,0.32274160573824456,35.0,34.0,1148.0,86.0
OPENJPA,15,92.72392226937681,IBk,BestFirst(Bi-directional),OverSampling,None,0.1865671641791045,0.2066115702479339,0.6397197633930444,0.10913262872827584,25.0,109.0,1073.0,96.0
OPENJPA,15,92.72392226937681,RandomForest,BestFirst(Bi-directional),UnderSampling,None,0.20068027210884354,0.48760330578512395,0.6907293982743914,0.17590827880075893,59.0,235.0,947.0,62.0
OPENJPA,15,92.72392226937681,NaiveBayes,BestFirst(Bi-directional),UnderSampling,None,0.5060240963855421,0.34710743801652894,0.7016403070856232,0.36368149890528484,42.0,41.0,1141.0,79.0
OPENJPA,15,92.72392226937681,IBk,BestFirst(Bi-directional),UnderSampling,None,0.19741100323624594,0.5041322314049587,0.6827970522017591,0.17340045148214686,61.0,248.0,934.0,60.0
OPENJPA,15,92.72392226937681,RandomForest,BestFirst(Bi-directional),SMOTE,None,0.22388059701492538,0.12396694214876033,0.5981632196445302,0.10000437158469967,15.0,52.0,1130.0,106.0
OPENJPA,15,92.72392226937681,NaiveBayes,BestFirst(Bi-directional),SMOTE,None,0.5074626865671642,0.2809917355371901,0.7116108011354897,0.3164590163934427,34.0,33.0,1149.0,87.0
OPENJPA,15,92.72392226937681,IBk,BestFirst(Bi-directional),SMOTE,None,0.2318840579710145,0.1322314049586777,0.6367412006544447,0.10827644755535548,16.0,53.0,1129.0,105.0
OPENJPA,15,92.72392226937681,RandomForest,BestFirst(Bi-directional),None,SensitiveLearning,0.2631578947368421,0.24793388429752067,0.6271622547580092,0.1815826026409016,30.0,84.0,1098.0,91.0
OPENJPA,15,92.72392226937681,NaiveBayes,BestFirst(Bi-directional),None,SensitiveLearning,0.5614035087719298,0.2644628099173554,0.7123519458544839,0.31905198496378495,32.0,25.0,1157.0,89.0
OPENJPA,15,92.72392226937681,IBk,BestFirst(Bi-directional),None,SensitiveLearning,0.21649484536082475,0.17355371900826447,0.6405238354938401,0.11993245836211544,21.0,76.0,1106.0,100.0
OPENJPA,16,93.20772393691772,RandomForest,None,None,None,0.4375,0.07446808510638298,0.6649946413198166,0.10859387229440369,7.0,9.0,1202.0,87.0
OPENJPA,16,93.20772393691772,NaiveBayes,None,None,None,0.5714285714285714,0.1702127659574468,0.7366384384278862,0.23707014147817992,16.0,12.0,1199.0,78.0
OPENJPA,16,93.20772393691772,IBk,None,None,None,0.2894736842105263,0.11702127659574468,0.6415745735017657,0.13061120666682763,11.0,27.0,1184.0,83.0
OPENJPA,16,93.20772393691772,RandomForest,BestFirst(Bi-directional),None,None,0.4375,0.07446808510638298,0.630615633290581,0.10859387229440369,7.0,9.0,1202.0,87.0
OPENJPA,16,93.20772393691772,NaiveBayes,BestFirst(Bi-directional),None,None,0.4807692307692308,0.26595744680851063,0.7379341848656816,0.30690330504442476,25.0,27.0,1184.0,69.0
OPENJPA,16,93.20772393691772,IBk,BestFirst(Bi-directional),None,None,0.32,0.0851063829787234,0.6463095384507265,0.10744048607191395,8.0,17.0,1194.0,86.0
OPENJPA,16,93.20772393691772,RandomForest,None,OverSampling,None,0.208955223880597,0.2978723404255319,0.6246112760686614,0.17583385962077963,28.0,106.0,1105.0,66.0
OPENJPA,16,93.20772393691772,NaiveBayes,None,OverSampling,None,0.6129032258064516,0.20212765957446807,0.7364495669132245,0.27821255332269507,19.0,12.0,1199.0,75.0
OPENJPA,16,93.20772393691772,IBk,None,OverSampling,None,0.16666666666666666,0.2553191489361702,0.6376829418275735,0.12545235223160414,24.0,120.0,1091.0,70.0
OPENJPA,16,93.20772393691772,RandomForest,None,UnderSampling,None,0.16613418530351437,0.5531914893617021,0.7086415306498937,0.16277252795416386,52.0,261.0,950.0,42.0
OPENJPA,16,93.20772393691772,NaiveBayes,None,UnderSampling,None,0.56,0.14893617021276595,0.7353954003197639,0.21142800225771097,14.0,11.0,1200.0,80.0
OPENJPA,16,93.20772393691772,IBk,None,UnderSampling,None,0.1424581005586592,0.5425531914893617,0.6845450392677056,0.12593100069657592,51.0,307.0,904.0,43.0
OPENJPA,16,93.20772393691772,RandomForest,None,SMOTE,None,0.24324324324324326,0.19148936170212766,0.6513168297696647,0.16104963765292565,18.0,56.0,1155.0,76.0
OPENJPA,16,93.20772393691772,NaiveBayes,None,SMOTE,None,0.5128205128205128,0.2127659574468085,0.735812674596342,0.26991030661782023,20.0,19.0,1192.0,74.0
OPENJPA,16,93.20772393691772,IBk,None,SMOTE,None,0.21839080459770116,0.20212765957446807,0.6493402674069259,0.15116739216462283,19.0,68.0,1143.0,75.0
OPENJPA,16,93.20772393691772,RandomForest,None,None,SensitiveLearning,0.2826086956521739,0.2765957446808511,0.6435687053077288,0.2242962463514818,26.0,66.0,1145.0,68.0
OPENJPA,16,93.20772393691772,NaiveBayes,None,None,SensitiveLearning,0.6129032258064516,0.20212765957446807,0.7366384384278862,0.27821255332269507,19.0,12.0,1199.0,75.0
OPENJPA,16,93.20772393691772,IBk,None,None,SensitiveLearning,0.21739130434782608,0.2127659574468085,0.641539434615317,0.1548302385620627,20.0,72.0,1139.0,74.0
OPENJPA,16,93.20772393691772,RandomForest,BestFirst(Bi-directional),OverSampling,None,0.19047619047619047,0.2978723404255319,0.6156903912715006,0.15841377074553192,28.0,119.0,1092.0,66.0
OPENJPA,16,93.20772393691772,NaiveBayes,BestFirst(Bi-directional),OverSampling,None,0.3577981651376147,0.4148936170212766,0.7381450181843737,0.3326119064081528,39.0,70.0,1141.0,55.0
OPENJPA,16,93.20772393691772,IBk,BestFirst(Bi-directional),OverSampling,None,0.18243243243243243,0.2872340425531915,0.6525510831561748,0.1480835873966095,27.0,121.0,1090.0,67.0
OPENJPA,16,93.20772393691772,RandomForest,BestFirst(Bi-directional),UnderSampling,None,0.1640378548895899,0.5531914893617021,0.7250162517349825,0.15966977026128523,52.0,265.0,946.0,42.0
OPENJPA,16,93.20772393691772,NaiveBayes,BestFirst(Bi-directional),UnderSampling,None,0.35106382978723405,0.35106382978723405,0.7563557460864065,0.30069223606303913,33.0,61.0,1150.0,61.0
OPENJPA,16,93.20772393691772,IBk,BestFirst(Bi-directional),UnderSampling,None,0.15168539325842698,0.574468085106383,0.7039724511130242,0.14224268818154934,54.0,302.0,909.0,40.0
OPENJPA,16,93.20772393691772,RandomForest,BestFirst(Bi-directional),SMOTE,None,0.16923076923076924,0.11702127659574468,0.6012746631059261,0.08444501344258122,11.0,54.0,1157.0,83.0
OPENJPA,16,93.20772393691772,NaiveBayes,BestFirst(Bi-directional),SMOTE,None,0.33980582524271846,0.3723404255319149,0.7364627439956428,0.302817168024701,35.0,68.0,1143.0,59.0
OPENJPA,16,93.20772393691772,IBk,BestFirst(Bi-directional),SMOTE,None,0.2028985507246377,0.14893617021276595,0.6441660663773565,0.11799161923071191,14.0,55.0,1156.0,80.0
OPENJPA,16,93.20772393691772,RandomForest,BestFirst(Bi-directional),None,SensitiveLearning,0.23595505617977527,0.22340425531914893,0.632811813693624,0.17145841869931555,21.0,68.0,1143.0,73.0
OPENJPA,16,93.20772393691772,NaiveBayes,BestFirst(Bi-directional),None,SensitiveLearning,0.39759036144578314,0.35106382978723405,0.7379341848656816,0.32744763929965987,33.0,50.0,1161.0,61.0
OPENJPA,16,93.20772393691772,IBk,BestFirst(Bi-directional),None,SensitiveLearning,0.2087912087912088,0.20212765957446807,0.6462216912346048,0.1448040050464294,19.0,72.0,1139.0,75.0
OPENJPA,17,93.6397309679306,RandomForest,None,None,None,0.6875,0.07971014492753623,0.6314469157880357,0.12359962147806697,11.0,5.0,1162.0,127.0
OPENJPA,17,93.6397309679306,NaiveBayes,None,None,None,0.8125,0.09420289855072464,0.7316946710877638,0.15015720870600513,13.0,3.0,1164.0,125.0
OPENJPA,17,93.6397309679306,IBk,None,None,None,0.6153846153846154,0.11594202898550725,0.6635836965835848,0.16719846841097594,16.0,10.0,1157.0,122.0
OPENJPA,17,93.6397309679306,RandomForest,BestFirst(Bi-directional),None,None,0.6363636363636364,0.10144927536231885,0.6320088670317797,0.15029004380253297,14.0,8.0,1159.0,124.0
OPENJPA,17,93.6397309679306,NaiveBayes,BestFirst(Bi-directional),None,None,0.6923076923076923,0.1956521739130435,0.7320889683692858,0.2711185581756507,27.0,12.0,1155.0,111.0
OPENJPA,17,93.6397309679306,IBk,BestFirst(Bi-directional),None,None,0.6666666666666666,0.11594202898550725,0.6634067285123505,0.17157422870704128,16.0,8.0,1159.0,122.0
OPENJPA,17,93.6397309679306,RandomForest,None,OverSampling,None,0.25149700598802394,0.30434782608695654,0.6246320926940129,0.18051163147530894,42.0,125.0,1042.0,96.0
OPENJPA,17,93.6397309679306,NaiveBayes,None,OverSampling,None,0.7272727272727273,0.11594202898550725,0.7268233920743141,0.1760388303539721,16.0,6.0,1161.0,122.0
OPENJPA,17,93.6397309679306,IBk,None,OverSampling,None,0.2529411764705882,0.3115942028985507,0.6722582367770699,0.18396146695960824,43.0,127.0,1040.0,95.0
OPENJPA,17,93.6397309679306,RandomForest,None,UnderSampling,None,0.26217228464419473,0.5072463768115942,0.7301516336947208,0.239665987296436,70.0,197.0,970.0,68.0
OPENJPA,17,93.6397309679306,NaiveBayes,None,UnderSampling,None,0.8181818181818182,0.06521739130434782,0.7579294114724986,0.10686017898844888,9.0,2.0,1165.0,129.0
OPENJPA,17,93.6397309679306,IBk,None,UnderSampling,None,0.23778501628664495,0.5289855072463768,0.7119239223575873,0.21330542971372582,73.0,234.0,933.0,65.0
OPENJPA,17,93.6397309679306,RandomForest,None,SMOTE,None,0.2736842105263158,0.18840579710144928,0.6357997093997988,0.14986773200885387,26.0,69.0,1098.0,112.0
OPENJPA,17,93.6397309679306,NaiveBayes,None,SMOTE,None,0.75,0.10869565217391304,0.7312693267762006,0.16758857826282023,15.0,5.0,1162.0,123.0
OPENJPA,17,93.6397309679306,IBk,None,SMOTE,None,0.2857142857142857,0.2028985507246377,0.6635805918805807,0.16385459826577203,28.0,70.0,1097.0,110.0
OPENJPA,17,93.6397309679306,RandomForest,None,None,SensitiveLearning,0.31932773109243695,0.2753623188405797,0.6419998012990077,0.21926284371374472,38.0,81.0,1086.0,100.0
OPENJPA,17,93.6397309679306,NaiveBayes,None,None,SensitiveLearning,0.7894736842105263,0.10869565217391304,0.7316946710877638,0.169834853562144,15.0,4.0,1163.0,123.0
OPENJPA,17,93.6397309679306,IBk,None,None,SensitiveLearning,0.29310344827586204,0.2463768115942029,0.6635464401475355,0.18942475305055206,34.0,82.0,1085.0,104.0
OPENJPA,17,93.6397309679306,RandomForest,BestFirst(Bi-directional),OverSampling,None,0.24404761904761904,0.2971014492753623,0.6066806999242452,0.17180886327706682,41.0,127.0,1040.0,97.0
OPENJPA,17,93.6397309679306,NaiveBayes,BestFirst(Bi-directional),OverSampling,None,0.5797101449275363,0.2898550724637681,0.7326136631769805,0.339940499659486,40.0,29.0,1138.0,98.0
OPENJPA,17,93.6397309679306,IBk,BestFirst(Bi-directional),OverSampling,None,0.23952095808383234,0.2898550724637681,0.6599387752567589,0.16567926281422865,40.0,127.0,1040.0,98.0
OPENJPA,17,93.6397309679306,RandomForest,BestFirst(Bi-directional),UnderSampling,None,0.24187725631768953,0.4855072463768116,0.7342933075022043,0.21159564244296689,67.0,210.0,957.0,71.0
OPENJPA,17,93.6397309679306,NaiveBayes,BestFirst(Bi-directional),UnderSampling,None,0.5529411764705883,0.34057971014492755,0.7268544391043553,0.3708022649548692,47.0,38.0,1129.0,91.0
OPENJPA,17,93.6397309679306,IBk,BestFirst(Bi-directional),UnderSampling,None,0.24437299035369775,0.5507246376811594,0.7082013834556586,0.2249989502288501,76.0,235.0,932.0,62.0
OPENJPA,17,93.6397309679306,RandomForest,BestFirst(Bi-directional),SMOTE,None,0.25274725274725274,0.16666666666666666,0.6066341293791836,0.12754951064739217,23.0,68.0,1099.0,115.0
OPENJPA,17,93.6397309679306,NaiveBayes,BestFirst(Bi-directional),SMOTE,None,0.5797101449275363,0.2898550724637681,0.7307570507805223,0.339940499659486,40.0,29.0,1138.0,98.0
OPENJPA,17,93.6397309679306,IBk,BestFirst(Bi-directional),SMOTE,None,0.25,0.15942028985507245,0.6489791736522484,0.12242002349967834,22.0,66.0,1101.0,116.0
OPENJPA,17,93.6397309679306,RandomForest,BestFirst(Bi-directional),None,SensitiveLearning,0.3252032520325203,0.2898550724637681,0.6365789898538305,0.22974202447685865,40.0,83.0,1084.0,98.0
OPENJPA,17,93.6397309679306,NaiveBayes,BestFirst(Bi-directional),None,SensitiveLearning,0.582089552238806,0.2826086956521739,0.7320889683692858,0.3344857910397414,39.0,28.0,1139.0,99.0
OPENJPA,17,93.6397309679306,IBk,BestFirst(Bi-directional),None,SensitiveLearning,0.288135593220339,0.2463768115942029,0.66339120499733,0.18630104274456727,34.0,84.0,1083.0,104.0
OPENJPA,18,93.37398743970147,RandomForest,None,None,None,0.5238095238095238,0.09649122807017543,0.7211055769079928,0.14206453496860963,11.0,10.0,1332.0,103.0
OPENJPA,18,93.37398743970147,NaiveBayes,None,None,None,0.3026315789473684,0.20175438596491227,0.7553598975083013,0.19146048003948962,23.0,53.0,1289.0,91.0
OPENJPA,18,93.37398743970147,IBk,None,None,None,0.34782608695652173,0.14035087719298245,0.643632180301723,0.16228559099572046,16.0,30.0,1312.0,98.0
OPENJPA,18,93.37398743970147,RandomForest,BestFirst(Bi-directional),None,None,0.45714285714285713,0.14035087719298245,0.7089379559181113,0.1847782393139487,16.0,19.0,1323.0,98.0
OPENJPA,18,93.37398743970147,NaiveBayes,BestFirst(Bi-directional),None,None,0.4868421052631579,0.32456140350877194,0.788127173373075,0.3486764978095883,37.0,39.0,1303.0,77.0
OPENJPA,18,93.37398743970147,IBk,BestFirst(Bi-directional),None,None,0.4489795918367347,0.19298245614035087,0.6762491175778492,0.2338739631051132,22.0,27.0,1315.0,92.0
OPENJPA,18,93.37398743970147,RandomForest,None,OverSampling,None,0.2546583850931677,0.35964912280701755,0.6913842915784244,0.2273462160289478,41.0,120.0,1222.0,73.0
OPENJPA,18,93.37398743970147,NaiveBayes,None,OverSampling,None,0.2736842105263158,0.22807017543859648,0.7559514471723272,0.1912370331583195,26.0,69.0,1273.0,88.0
OPENJPA,18,93.37398743970147,IBk,None,OverSampling,None,0.19375,0.2719298245614035,0.6620878761732947,0.14840646243489003,31.0,129.0,1213.0,83.0
OPENJPA,18,93.37398743970147,RandomForest,None,UnderSampling,None,0.19346049046321526,0.6228070175438597,0.7705963866447042,0.1995848603768692,71.0,296.0,1046.0,43.0
OPENJPA,18,93.37398743970147,NaiveBayes,None,UnderSampling,None,0.24752475247524752,0.21929824561403508,0.7546866420895757,0.17162048466959948,25.0,76.0,1266.0,89.0
OPENJPA,18,93.37398743970147,IBk,None,UnderSampling,None,0.16585365853658537,0.5964912280701754,0.7203244698930635,0.15614879963672415,68.0,342.0,1000.0,46.0
OPENJPA,18,93.37398743970147,RandomForest,None,SMOTE,None,0.24107142857142858,0.23684210526315788,0.7057383585640704,0.17490774907749077,27.0,85.0,1257.0,87.0
OPENJPA,18,93.37398743970147,NaiveBayes,None,SMOTE,None,0.2653061224489796,0.22807017543859648,0.7583307187491829,0.18638763935067454,26.0,72.0,1270.0,88.0
OPENJPA,18,93.37398743970147,IBk,None,SMOTE,None,0.19834710743801653,0.21052631578947367,0.6551755693256988,0.13446842058415884,24.0,97.0,1245.0,90.0
OPENJPA,18,93.37398743970147,RandomForest,None,None,SensitiveLearning,0.22900763358778625,0.2631578947368421,0.7062187884017047,0.17589612423971682,30.0,101.0,1241.0,84.0
OPENJPA,18,93.37398743970147,NaiveBayes,None,None,SensitiveLearning,0.2840909090909091,0.21929824561403508,0.7553598975083013,0.19243344231667456,25.0,63.0,1279.0,89.0
OPENJPA,18,93.37398743970147,IBk,None,None,SensitiveLearning,0.18032786885245902,0.19298245614035087,0.643641984992287,0.11478150728309061,22.0,100.0,1242.0,92.0
OPENJPA,18,93.37398743970147,RandomForest,BestFirst(Bi-directional),OverSampling,None,0.17256637168141592,0.34210526315789475,0.6561756477632232,0.1398834755316652,39.0,187.0,1155.0,75.0
OPENJPA,18,93.37398743970147,NaiveBayes,BestFirst(Bi-directional),OverSampling,None,0.36423841059602646,0.4824561403508772,0.7900652338745523,0.357790855178537,55.0,96.0,1246.0,59.0
OPENJPA,18,93.37398743970147,IBk,BestFirst(Bi-directional),OverSampling,None,0.1703056768558952,0.34210526315789475,0.6852596282061338,0.13720158498734342,39.0,190.0,1152.0,75.0
OPENJPA,18,93.37398743970147,RandomForest,BestFirst(Bi-directional),UnderSampling,None,0.19832402234636873,0.6228070175438597,0.7832967291552279,0.20661550045574031,71.0,287.0,1055.0,43.0
OPENJPA,18,93.37398743970147,NaiveBayes,BestFirst(Bi-directional),UnderSampling,None,0.3825503355704698,0.5,0.7874866002562293,0.378305574341751,57.0,92.0,1250.0,57.0
OPENJPA,18,93.37398743970147,IBk,BestFirst(Bi-directional),UnderSampling,None,0.18090452261306533,0.631578947368421,0.7420810782545036,0.18163267799758065,72.0,326.0,1016.0,42.0
OPENJPA,18,93.37398743970147,RandomForest,BestFirst(Bi-directional),SMOTE,None,0.21929824561403508,0.21929824561403508,0.6671013412816692,0.15297931863937034,25.0,89.0,1253.0,89.0
OPENJPA,18,93.37398743970147,NaiveBayes,BestFirst(Bi-directional),SMOTE,None,0.36423841059602646,0.4824561403508772,0.7856988783433995,0.357790855178537,55.0,96.0,1246.0,59.0
OPENJPA,18,93.37398743970147,IBk,BestFirst(Bi-directional),SMOTE,None,0.21666666666666667,0.22807017543859648,0.6739221376840013,0.15430964052287588,26.0,94.0,1248.0,88.0
OPENJPA,18,93.37398743970147,RandomForest,BestFirst(Bi-directional),None,SensitiveLearning,0.20930232558139536,0.3157894736842105,0.6877696289905091,0.17395546129374295,36.0,136.0,1206.0,78.0
OPENJPA,18,93.37398743970147,NaiveBayes,BestFirst(Bi-directional),None,SensitiveLearning,0.391304347826087,0.47368421052631576,0.788127173373075,0.37497317020819954,54.0,84.0,1258.0,60.0
OPENJPA,18,93.37398743970147,IBk,BestFirst(Bi-directional),None,SensitiveLearning,0.1927710843373494,0.2807017543859649,0.676337359792925,0.14962469445586113,32.0,134.0,1208.0,82.0
